Time,Timestamp,ISO8601,Heart Rate (bpm),Lap,Since start (second)
06:08:13.548,1775214493.548,2026-04-03T06:08:13.548-0500,,,
06:08:13.548,1775214493.548,2026-04-03T06:08:13.548-0500,102,1,0
06:08:14.548,1775214494.548,2026-04-03T06:08:14.548-0500,102,1,1
06:08:15.548,1775214495.548,2026-04-03T06:08:15.548-0500,102,1,2
06:08:16.548,1775214496.548,2026-04-03T06:08:16.548-0500,102,1,3
06:08:17.548,1775214497.548,2026-04-03T06:08:17.548-0500,102,1,4
06:08:18.548,1775214498.548,2026-04-03T06:08:18.548-0500,102,1,5
06:08:19.548,1775214499.548,2026-04-03T06:08:19.548-0500,102,1,6
06:08:20.548,1775214500.548,2026-04-03T06:08:20.548-0500,102,1,7
06:08:21.548,1775214501.548,2026-04-03T06:08:21.548-0500,102,1,8
06:08:22.548,1775214502.548,2026-04-03T06:08:22.548-0500,102,1,9
06:08:23.548,1775214503.548,2026-04-03T06:08:23.548-0500,102,1,10
06:08:24.548,1775214504.548,2026-04-03T06:08:24.548-0500,102,1,11
06:08:25.548,1775214505.548,2026-04-03T06:08:25.548-0500,102,1,12
06:08:26.548,1775214506.548,2026-04-03T06:08:26.548-0500,102,1,13
06:08:27.548,1775214507.548,2026-04-03T06:08:27.548-0500,102,1,14
06:08:28.548,1775214508.548,2026-04-03T06:08:28.548-0500,102,1,15
06:08:29.548,1775214509.548,2026-04-03T06:08:29.548-0500,102,1,16
06:08:30.548,1775214510.548,2026-04-03T06:08:30.548-0500,102,1,17
06:08:31.548,1775214511.548,2026-04-03T06:08:31.548-0500,102,1,18
06:08:32.548,1775214512.548,2026-04-03T06:08:32.548-0500,102,1,19
06:08:33.548,1775214513.548,2026-04-03T06:08:33.548-0500,102,1,20
06:08:34.548,1775214514.548,2026-04-03T06:08:34.548-0500,102,1,21
06:08:35.548,1775214515.548,2026-04-03T06:08:35.548-0500,102,1,22
06:08:36.548,1775214516.548,2026-04-03T06:08:36.548-0500,102,1,23
06:08:37.548,1775214517.548,2026-04-03T06:08:37.548-0500,102,1,24
06:08:38.548,1775214518.548,2026-04-03T06:08:38.548-0500,102,1,25
06:08:39.548,1775214519.548,2026-04-03T06:08:39.548-0500,101,1,26
06:08:40.548,1775214520.548,2026-04-03T06:08:40.548-0500,101,1,27
06:08:41.548,1775214521.548,2026-04-03T06:08:41.548-0500,100,1,28
06:08:42.548,1775214522.548,2026-04-03T06:08:42.548-0500,100,1,29
06:08:43.548,1775214523.548,2026-04-03T06:08:43.548-0500,99,1,30
06:08:44.548,1775214524.548,2026-04-03T06:08:44.548-0500,99,1,31
06:08:45.548,1775214525.548,2026-04-03T06:08:45.548-0500,99,1,32
06:08:46.548,1775214526.548,2026-04-03T06:08:46.548-0500,99,1,33
06:08:47.548,1775214527.548,2026-04-03T06:08:47.548-0500,100,1,34
06:08:48.548,1775214528.548,2026-04-03T06:08:48.548-0500,100,1,35
06:08:49.548,1775214529.548,2026-04-03T06:08:49.548-0500,100,1,36
06:08:50.548,1775214530.548,2026-04-03T06:08:50.548-0500,100,1,37
06:08:51.548,1775214531.548,2026-04-03T06:08:51.548-0500,100,1,38
06:08:52.548,1775214532.548,2026-04-03T06:08:52.548-0500,100,1,39
06:08:53.548,1775214533.548,2026-04-03T06:08:53.548-0500,100,1,40
06:08:54.548,1775214534.548,2026-04-03T06:08:54.548-0500,100,1,41
06:08:55.548,1775214535.548,2026-04-03T06:08:55.548-0500,100,1,42
06:08:56.548,1775214536.548,2026-04-03T06:08:56.548-0500,101,1,43
06:08:57.548,1775214537.548,2026-04-03T06:08:57.548-0500,101,1,44
06:08:58.548,1775214538.548,2026-04-03T06:08:58.548-0500,101,1,45
06:08:59.548,1775214539.548,2026-04-03T06:08:59.548-0500,100,1,46
06:09:00.548,1775214540.548,2026-04-03T06:09:00.548-0500,100,1,47
06:09:01.548,1775214541.548,2026-04-03T06:09:01.548-0500,99,1,48
06:09:02.548,1775214542.548,2026-04-03T06:09:02.548-0500,99,1,49
06:09:03.548,1775214543.548,2026-04-03T06:09:03.548-0500,98,1,50
06:09:04.548,1775214544.548,2026-04-03T06:09:04.548-0500,98,1,51
06:09:05.548,1775214545.548,2026-04-03T06:09:05.548-0500,97,1,52
06:09:06.548,1775214546.548,2026-04-03T06:09:06.548-0500,98,1,53
06:09:07.548,1775214547.548,2026-04-03T06:09:07.548-0500,98,1,54
06:09:08.548,1775214548.548,2026-04-03T06:09:08.548-0500,99,1,55
06:09:09.548,1775214549.548,2026-04-03T06:09:09.548-0500,99,1,56
06:09:10.548,1775214550.548,2026-04-03T06:09:10.548-0500,100,1,57
06:09:11.548,1775214551.548,2026-04-03T06:09:11.548-0500,100,1,58
06:09:12.548,1775214552.548,2026-04-03T06:09:12.548-0500,101,1,59
06:09:13.548,1775214553.548,2026-04-03T06:09:13.548-0500,102,1,60
06:09:14.548,1775214554.548,2026-04-03T06:09:14.548-0500,102,1,61
06:09:15.548,1775214555.548,2026-04-03T06:09:15.548-0500,103,1,62
06:09:16.548,1775214556.548,2026-04-03T06:09:16.548-0500,103,1,63
06:09:17.548,1775214557.548,2026-04-03T06:09:17.548-0500,104,1,64
06:09:18.548,1775214558.548,2026-04-03T06:09:18.548-0500,104,1,65
06:09:19.548,1775214559.548,2026-04-03T06:09:19.548-0500,104,1,66
06:09:20.548,1775214560.548,2026-04-03T06:09:20.548-0500,104,1,67
06:09:21.548,1775214561.548,2026-04-03T06:09:21.548-0500,105,1,68
06:09:22.548,1775214562.548,2026-04-03T06:09:22.548-0500,105,1,69
06:09:23.548,1775214563.548,2026-04-03T06:09:23.548-0500,106,1,70
06:09:24.548,1775214564.548,2026-04-03T06:09:24.548-0500,106,1,71
06:09:25.548,1775214565.548,2026-04-03T06:09:25.548-0500,106,1,72
06:09:26.548,1775214566.548,2026-04-03T06:09:26.548-0500,106,1,73
06:09:27.548,1775214567.548,2026-04-03T06:09:27.548-0500,106,1,74
06:09:28.548,1775214568.548,2026-04-03T06:09:28.548-0500,107,1,75
06:09:29.548,1775214569.548,2026-04-03T06:09:29.548-0500,107,1,76
06:09:30.548,1775214570.548,2026-04-03T06:09:30.548-0500,107,1,77
06:09:31.548,1775214571.548,2026-04-03T06:09:31.548-0500,107,1,78
06:09:32.548,1775214572.548,2026-04-03T06:09:32.548-0500,107,1,79
06:09:33.548,1775214573.548,2026-04-03T06:09:33.548-0500,106,1,80
06:09:34.548,1775214574.548,2026-04-03T06:09:34.548-0500,107,1,81
06:09:35.548,1775214575.548,2026-04-03T06:09:35.548-0500,107,1,82
06:09:36.548,1775214576.548,2026-04-03T06:09:36.548-0500,108,1,83
06:09:37.548,1775214577.548,2026-04-03T06:09:37.548-0500,108,1,84
06:09:38.548,1775214578.548,2026-04-03T06:09:38.548-0500,109,1,85
06:09:39.548,1775214579.548,2026-04-03T06:09:39.548-0500,108,1,86
06:09:40.548,1775214580.548,2026-04-03T06:09:40.548-0500,107,1,87
06:09:41.548,1775214581.548,2026-04-03T06:09:41.548-0500,106,1,88
06:09:42.548,1775214582.548,2026-04-03T06:09:42.548-0500,105,1,89
06:09:43.548,1775214583.548,2026-04-03T06:09:43.548-0500,104,1,90
06:09:44.548,1775214584.548,2026-04-03T06:09:44.548-0500,104,1,91
06:09:45.548,1775214585.548,2026-04-03T06:09:45.548-0500,104,1,92
06:09:46.548,1775214586.548,2026-04-03T06:09:46.548-0500,104,1,93
06:09:47.548,1775214587.548,2026-04-03T06:09:47.548-0500,104,1,94
06:09:48.548,1775214588.548,2026-04-03T06:09:48.548-0500,104,1,95
06:09:49.548,1775214589.548,2026-04-03T06:09:49.548-0500,104,1,96
06:09:50.548,1775214590.548,2026-04-03T06:09:50.548-0500,104,1,97
06:09:51.548,1775214591.548,2026-04-03T06:09:51.548-0500,104,1,98
06:09:52.548,1775214592.548,2026-04-03T06:09:52.548-0500,104,1,99
06:09:53.548,1775214593.548,2026-04-03T06:09:53.548-0500,104,1,100
06:09:54.548,1775214594.548,2026-04-03T06:09:54.548-0500,103,1,101
06:09:55.548,1775214595.548,2026-04-03T06:09:55.548-0500,103,1,102
06:09:56.548,1775214596.548,2026-04-03T06:09:56.548-0500,103,1,103
06:09:57.548,1775214597.548,2026-04-03T06:09:57.548-0500,103,1,104
06:09:58.548,1775214598.548,2026-04-03T06:09:58.548-0500,103,1,105
06:09:59.548,1775214599.548,2026-04-03T06:09:59.548-0500,102,1,106
06:10:00.548,1775214600.548,2026-04-03T06:10:00.548-0500,102,1,107
06:10:01.548,1775214601.548,2026-04-03T06:10:01.548-0500,101,1,108
06:10:02.548,1775214602.548,2026-04-03T06:10:02.548-0500,101,1,109
06:10:03.548,1775214603.548,2026-04-03T06:10:03.548-0500,102,1,110
06:10:04.548,1775214604.548,2026-04-03T06:10:04.548-0500,102,1,111
06:10:05.548,1775214605.548,2026-04-03T06:10:05.548-0500,103,1,112
06:10:06.548,1775214606.548,2026-04-03T06:10:06.548-0500,103,1,113
06:10:07.548,1775214607.548,2026-04-03T06:10:07.548-0500,104,1,114
06:10:08.548,1775214608.548,2026-04-03T06:10:08.548-0500,104,1,115
06:10:09.548,1775214609.548,2026-04-03T06:10:09.548-0500,104,1,116
06:10:10.548,1775214610.548,2026-04-03T06:10:10.548-0500,105,1,117
06:10:11.548,1775214611.548,2026-04-03T06:10:11.548-0500,105,1,118
06:10:12.548,1775214612.548,2026-04-03T06:10:12.548-0500,105,1,119
06:10:13.548,1775214613.548,2026-04-03T06:10:13.548-0500,105,1,120
06:10:14.548,1775214614.548,2026-04-03T06:10:14.548-0500,105,1,121
06:10:15.548,1775214615.548,2026-04-03T06:10:15.548-0500,106,1,122
06:10:16.548,1775214616.548,2026-04-03T06:10:16.548-0500,106,1,123
06:10:17.548,1775214617.548,2026-04-03T06:10:17.548-0500,106,1,124
06:10:18.548,1775214618.548,2026-04-03T06:10:18.548-0500,106,1,125
06:10:19.548,1775214619.548,2026-04-03T06:10:19.548-0500,106,1,126
06:10:20.548,1775214620.548,2026-04-03T06:10:20.548-0500,106,1,127
06:10:21.548,1775214621.548,2026-04-03T06:10:21.548-0500,106,1,128
06:10:22.548,1775214622.548,2026-04-03T06:10:22.548-0500,107,1,129
06:10:23.548,1775214623.548,2026-04-03T06:10:23.548-0500,107,1,130
06:10:24.548,1775214624.548,2026-04-03T06:10:24.548-0500,108,1,131
06:10:25.548,1775214625.548,2026-04-03T06:10:25.548-0500,108,1,132
06:10:26.548,1775214626.548,2026-04-03T06:10:26.548-0500,108,1,133
06:10:27.548,1775214627.548,2026-04-03T06:10:27.548-0500,107,1,134
06:10:28.548,1775214628.548,2026-04-03T06:10:28.548-0500,107,1,135
06:10:29.548,1775214629.548,2026-04-03T06:10:29.548-0500,106,1,136
06:10:30.548,1775214630.548,2026-04-03T06:10:30.548-0500,106,1,137
06:10:31.548,1775214631.548,2026-04-03T06:10:31.548-0500,105,1,138
06:10:32.548,1775214632.548,2026-04-03T06:10:32.548-0500,104,1,139
06:10:33.548,1775214633.548,2026-04-03T06:10:33.548-0500,104,1,140
06:10:34.548,1775214634.548,2026-04-03T06:10:34.548-0500,103,1,141
06:10:35.548,1775214635.548,2026-04-03T06:10:35.548-0500,103,1,142
06:10:36.548,1775214636.548,2026-04-03T06:10:36.548-0500,103,1,143
06:10:37.548,1775214637.548,2026-04-03T06:10:37.548-0500,103,1,144
06:10:38.548,1775214638.548,2026-04-03T06:10:38.548-0500,103,1,145
06:10:39.548,1775214639.548,2026-04-03T06:10:39.548-0500,103,1,146
06:10:40.548,1775214640.548,2026-04-03T06:10:40.548-0500,103,1,147
06:10:41.548,1775214641.548,2026-04-03T06:10:41.548-0500,103,1,148
06:10:42.548,1775214642.548,2026-04-03T06:10:42.548-0500,103,1,149
06:10:43.548,1775214643.548,2026-04-03T06:10:43.548-0500,103,1,150
06:10:44.548,1775214644.548,2026-04-03T06:10:44.548-0500,102,1,151
06:10:45.548,1775214645.548,2026-04-03T06:10:45.548-0500,102,1,152
06:10:46.548,1775214646.548,2026-04-03T06:10:46.548-0500,103,1,153
06:10:47.548,1775214647.548,2026-04-03T06:10:47.548-0500,103,1,154
06:10:48.548,1775214648.548,2026-04-03T06:10:48.548-0500,103,1,155
06:10:49.548,1775214649.548,2026-04-03T06:10:49.548-0500,103,1,156
06:10:50.548,1775214650.548,2026-04-03T06:10:50.548-0500,104,1,157
06:10:51.548,1775214651.548,2026-04-03T06:10:51.548-0500,104,1,158
06:10:52.548,1775214652.548,2026-04-03T06:10:52.548-0500,104,1,159
06:10:53.548,1775214653.548,2026-04-03T06:10:53.548-0500,105,1,160
06:10:54.548,1775214654.548,2026-04-03T06:10:54.548-0500,105,1,161
06:10:55.548,1775214655.548,2026-04-03T06:10:55.548-0500,106,1,162
06:10:56.548,1775214656.548,2026-04-03T06:10:56.548-0500,106,1,163
06:10:57.548,1775214657.548,2026-04-03T06:10:57.548-0500,107,1,164
06:10:58.548,1775214658.548,2026-04-03T06:10:58.548-0500,107,1,165
06:10:59.548,1775214659.548,2026-04-03T06:10:59.548-0500,107,1,166
06:11:00.548,1775214660.548,2026-04-03T06:11:00.548-0500,106,1,167
06:11:01.548,1775214661.548,2026-04-03T06:11:01.548-0500,106,1,168
06:11:02.548,1775214662.548,2026-04-03T06:11:02.548-0500,106,1,169
06:11:03.548,1775214663.548,2026-04-03T06:11:03.548-0500,106,1,170
06:11:04.548,1775214664.548,2026-04-03T06:11:04.548-0500,107,1,171
06:11:05.548,1775214665.548,2026-04-03T06:11:05.548-0500,107,1,172
06:11:06.548,1775214666.548,2026-04-03T06:11:06.548-0500,108,1,173
06:11:07.548,1775214667.548,2026-04-03T06:11:07.548-0500,108,1,174
06:11:08.548,1775214668.548,2026-04-03T06:11:08.548-0500,108,1,175
06:11:09.548,1775214669.548,2026-04-03T06:11:09.548-0500,108,1,176
06:11:10.548,1775214670.548,2026-04-03T06:11:10.548-0500,108,1,177
06:11:11.548,1775214671.548,2026-04-03T06:11:11.548-0500,109,1,178
06:11:12.548,1775214672.548,2026-04-03T06:11:12.548-0500,109,1,179
06:11:13.548,1775214673.548,2026-04-03T06:11:13.548-0500,109,1,180
06:11:14.548,1775214674.548,2026-04-03T06:11:14.548-0500,109,1,181
06:11:15.548,1775214675.548,2026-04-03T06:11:15.548-0500,108,1,182
06:11:16.548,1775214676.548,2026-04-03T06:11:16.548-0500,107,1,183
06:11:17.548,1775214677.548,2026-04-03T06:11:17.548-0500,106,1,184
06:11:18.548,1775214678.548,2026-04-03T06:11:18.548-0500,106,1,185
06:11:19.548,1775214679.548,2026-04-03T06:11:19.548-0500,105,1,186
06:11:20.548,1775214680.548,2026-04-03T06:11:20.548-0500,104,1,187
06:11:21.548,1775214681.548,2026-04-03T06:11:21.548-0500,103,1,188
06:11:22.548,1775214682.548,2026-04-03T06:11:22.548-0500,102,1,189
06:11:23.548,1775214683.548,2026-04-03T06:11:23.548-0500,101,1,190
06:11:24.548,1775214684.548,2026-04-03T06:11:24.548-0500,101,1,191
06:11:25.548,1775214685.548,2026-04-03T06:11:25.548-0500,101,1,192
06:11:26.548,1775214686.548,2026-04-03T06:11:26.548-0500,102,1,193
06:11:27.548,1775214687.548,2026-04-03T06:11:27.548-0500,102,1,194
06:11:28.548,1775214688.548,2026-04-03T06:11:28.548-0500,102,1,195
06:11:29.548,1775214689.548,2026-04-03T06:11:29.548-0500,102,1,196
06:11:30.548,1775214690.548,2026-04-03T06:11:30.548-0500,103,1,197
06:11:31.548,1775214691.548,2026-04-03T06:11:31.548-0500,103,1,198
06:11:32.548,1775214692.548,2026-04-03T06:11:32.548-0500,103,1,199
06:11:33.548,1775214693.548,2026-04-03T06:11:33.548-0500,103,1,200
06:11:34.548,1775214694.548,2026-04-03T06:11:34.548-0500,103,1,201
06:11:35.548,1775214695.548,2026-04-03T06:11:35.548-0500,104,1,202
06:11:36.548,1775214696.548,2026-04-03T06:11:36.548-0500,104,1,203
06:11:37.548,1775214697.548,2026-04-03T06:11:37.548-0500,105,1,204
06:11:38.548,1775214698.548,2026-04-03T06:11:38.548-0500,105,1,205
06:11:39.548,1775214699.548,2026-04-03T06:11:39.548-0500,106,1,206
06:11:40.548,1775214700.548,2026-04-03T06:11:40.548-0500,106,1,207
06:11:41.548,1775214701.548,2026-04-03T06:11:41.548-0500,107,1,208
06:11:42.548,1775214702.548,2026-04-03T06:11:42.548-0500,107,1,209
06:11:43.548,1775214703.548,2026-04-03T06:11:43.548-0500,107,1,210
06:11:44.548,1775214704.548,2026-04-03T06:11:44.548-0500,107,1,211
06:11:45.548,1775214705.548,2026-04-03T06:11:45.548-0500,107,1,212
06:11:46.548,1775214706.548,2026-04-03T06:11:46.548-0500,107,1,213
06:11:47.548,1775214707.548,2026-04-03T06:11:47.548-0500,107,1,214
06:11:48.548,1775214708.548,2026-04-03T06:11:48.548-0500,108,1,215
06:11:49.548,1775214709.548,2026-04-03T06:11:49.548-0500,108,1,216
06:11:50.548,1775214710.548,2026-04-03T06:11:50.548-0500,108,1,217
06:11:51.548,1775214711.548,2026-04-03T06:11:51.548-0500,108,1,218
06:11:52.548,1775214712.548,2026-04-03T06:11:52.548-0500,109,1,219
06:11:53.548,1775214713.548,2026-04-03T06:11:53.548-0500,109,1,220
06:11:54.548,1775214714.548,2026-04-03T06:11:54.548-0500,109,1,221
06:11:55.548,1775214715.548,2026-04-03T06:11:55.548-0500,109,1,222
06:11:56.548,1775214716.548,2026-04-03T06:11:56.548-0500,108,1,223
06:11:57.548,1775214717.548,2026-04-03T06:11:57.548-0500,108,1,224
06:11:58.548,1775214718.548,2026-04-03T06:11:58.548-0500,107,1,225
06:11:59.548,1775214719.548,2026-04-03T06:11:59.548-0500,107,1,226
06:12:00.548,1775214720.548,2026-04-03T06:12:00.548-0500,107,1,227
06:12:01.548,1775214721.548,2026-04-03T06:12:01.548-0500,108,1,228
06:12:02.548,1775214722.548,2026-04-03T06:12:02.548-0500,108,1,229
06:12:03.548,1775214723.548,2026-04-03T06:12:03.548-0500,108,1,230
06:12:04.548,1775214724.548,2026-04-03T06:12:04.548-0500,108,1,231
06:12:05.548,1775214725.548,2026-04-03T06:12:05.548-0500,108,1,232
06:12:06.548,1775214726.548,2026-04-03T06:12:06.548-0500,108,1,233
06:12:07.548,1775214727.548,2026-04-03T06:12:07.548-0500,108,1,234
06:12:08.548,1775214728.548,2026-04-03T06:12:08.548-0500,108,1,235
06:12:09.548,1775214729.548,2026-04-03T06:12:09.548-0500,108,1,236
06:12:10.548,1775214730.548,2026-04-03T06:12:10.548-0500,109,1,237
06:12:11.548,1775214731.548,2026-04-03T06:12:11.548-0500,109,1,238
06:12:12.548,1775214732.548,2026-04-03T06:12:12.548-0500,110,1,239
06:12:13.548,1775214733.548,2026-04-03T06:12:13.548-0500,110,1,240
06:12:14.548,1775214734.548,2026-04-03T06:12:14.548-0500,109,1,241
06:12:15.548,1775214735.548,2026-04-03T06:12:15.548-0500,108,1,242
06:12:16.548,1775214736.548,2026-04-03T06:12:16.548-0500,108,1,243
06:12:17.548,1775214737.548,2026-04-03T06:12:17.548-0500,107,1,244
06:12:18.548,1775214738.548,2026-04-03T06:12:18.548-0500,106,1,245
06:12:19.548,1775214739.548,2026-04-03T06:12:19.548-0500,105,1,246
06:12:20.548,1775214740.548,2026-04-03T06:12:20.548-0500,105,1,247
06:12:21.548,1775214741.548,2026-04-03T06:12:21.548-0500,104,1,248
06:12:22.548,1775214742.548,2026-04-03T06:12:22.548-0500,103,1,249
06:12:23.548,1775214743.548,2026-04-03T06:12:23.548-0500,102,1,250
06:12:24.548,1775214744.548,2026-04-03T06:12:24.548-0500,102,1,251
06:12:25.548,1775214745.548,2026-04-03T06:12:25.548-0500,102,1,252
06:12:26.548,1775214746.548,2026-04-03T06:12:26.548-0500,102,1,253
06:12:27.548,1775214747.548,2026-04-03T06:12:27.548-0500,102,1,254
06:12:28.548,1775214748.548,2026-04-03T06:12:28.548-0500,102,1,255
06:12:29.548,1775214749.548,2026-04-03T06:12:29.548-0500,102,1,256
06:12:30.548,1775214750.548,2026-04-03T06:12:30.548-0500,102,1,257
06:12:31.548,1775214751.548,2026-04-03T06:12:31.548-0500,102,1,258
06:12:32.548,1775214752.548,2026-04-03T06:12:32.548-0500,102,1,259
06:12:33.548,1775214753.548,2026-04-03T06:12:33.548-0500,102,1,260
06:12:34.548,1775214754.548,2026-04-03T06:12:34.548-0500,102,1,261
06:12:35.548,1775214755.548,2026-04-03T06:12:35.548-0500,103,1,262
06:12:36.548,1775214756.548,2026-04-03T06:12:36.548-0500,103,1,263
06:12:37.548,1775214757.548,2026-04-03T06:12:37.548-0500,103,1,264
06:12:38.548,1775214758.548,2026-04-03T06:12:38.548-0500,104,1,265
06:12:39.548,1775214759.548,2026-04-03T06:12:39.548-0500,104,1,266
06:12:40.548,1775214760.548,2026-04-03T06:12:40.548-0500,105,1,267
06:12:41.548,1775214761.548,2026-04-03T06:12:41.548-0500,105,1,268
06:12:42.548,1775214762.548,2026-04-03T06:12:42.548-0500,106,1,269
06:12:43.548,1775214763.548,2026-04-03T06:12:43.548-0500,106,1,270
06:12:44.548,1775214764.548,2026-04-03T06:12:44.548-0500,107,1,271
06:12:45.548,1775214765.548,2026-04-03T06:12:45.548-0500,107,1,272
06:12:46.548,1775214766.548,2026-04-03T06:12:46.548-0500,106,1,273
06:12:47.548,1775214767.548,2026-04-03T06:12:47.548-0500,105,1,274
06:12:48.548,1775214768.548,2026-04-03T06:12:48.548-0500,104,1,275
06:12:49.548,1775214769.548,2026-04-03T06:12:49.548-0500,103,1,276
06:12:50.548,1775214770.548,2026-04-03T06:12:50.548-0500,102,1,277
06:12:51.548,1775214771.548,2026-04-03T06:12:51.548-0500,101,1,278
06:12:52.548,1775214772.548,2026-04-03T06:12:52.548-0500,100,1,279
06:12:53.548,1775214773.548,2026-04-03T06:12:53.548-0500,100,1,280
06:12:54.548,1775214774.548,2026-04-03T06:12:54.548-0500,100,1,281
06:12:55.548,1775214775.548,2026-04-03T06:12:55.548-0500,100,1,282
06:12:56.548,1775214776.548,2026-04-03T06:12:56.548-0500,100,1,283
06:12:57.548,1775214777.548,2026-04-03T06:12:57.548-0500,101,1,284
06:12:58.548,1775214778.548,2026-04-03T06:12:58.548-0500,101,1,285
06:12:59.548,1775214779.548,2026-04-03T06:12:59.548-0500,101,1,286
06:13:00.548,1775214780.548,2026-04-03T06:13:00.548-0500,101,1,287
06:13:01.548,1775214781.548,2026-04-03T06:13:01.548-0500,101,1,288
06:13:02.548,1775214782.548,2026-04-03T06:13:02.548-0500,100,1,289
06:13:03.548,1775214783.548,2026-04-03T06:13:03.548-0500,100,1,290
06:13:04.548,1775214784.548,2026-04-03T06:13:04.548-0500,99,1,291
06:13:05.548,1775214785.548,2026-04-03T06:13:05.548-0500,99,1,292
06:13:06.548,1775214786.548,2026-04-03T06:13:06.548-0500,99,1,293
06:13:07.548,1775214787.548,2026-04-03T06:13:07.548-0500,99,1,294
06:13:08.548,1775214788.548,2026-04-03T06:13:08.548-0500,98,1,295
06:13:09.548,1775214789.548,2026-04-03T06:13:09.548-0500,98,1,296
06:13:10.548,1775214790.548,2026-04-03T06:13:10.548-0500,98,1,297
06:13:11.548,1775214791.548,2026-04-03T06:13:11.548-0500,99,1,298
06:13:12.548,1775214792.548,2026-04-03T06:13:12.548-0500,99,1,299
06:13:13.548,1775214793.548,2026-04-03T06:13:13.548-0500,100,1,300
06:13:14.548,1775214794.548,2026-04-03T06:13:14.548-0500,100,1,301
06:13:15.548,1775214795.548,2026-04-03T06:13:15.548-0500,101,1,302
06:13:16.548,1775214796.548,2026-04-03T06:13:16.548-0500,101,1,303
06:13:17.548,1775214797.548,2026-04-03T06:13:17.548-0500,101,1,304
06:13:18.548,1775214798.548,2026-04-03T06:13:18.548-0500,101,1,305
06:13:19.548,1775214799.548,2026-04-03T06:13:19.548-0500,101,1,306
06:13:20.548,1775214800.548,2026-04-03T06:13:20.548-0500,101,1,307
06:13:21.548,1775214801.548,2026-04-03T06:13:21.548-0500,100,1,308
06:13:22.548,1775214802.548,2026-04-03T06:13:22.548-0500,100,1,309
06:13:23.548,1775214803.548,2026-04-03T06:13:23.548-0500,100,1,310
06:13:24.548,1775214804.548,2026-04-03T06:13:24.548-0500,100,1,311
06:13:25.548,1775214805.548,2026-04-03T06:13:25.548-0500,100,1,312
06:13:26.548,1775214806.548,2026-04-03T06:13:26.548-0500,100,1,313
06:13:27.548,1775214807.548,2026-04-03T06:13:27.548-0500,100,1,314
06:13:28.548,1775214808.548,2026-04-03T06:13:28.548-0500,100,1,315
06:13:29.548,1775214809.548,2026-04-03T06:13:29.548-0500,100,1,316
06:13:30.548,1775214810.548,2026-04-03T06:13:30.548-0500,100,1,317
06:13:31.548,1775214811.548,2026-04-03T06:13:31.548-0500,100,1,318
06:13:32.548,1775214812.548,2026-04-03T06:13:32.548-0500,100,1,319
06:13:33.548,1775214813.548,2026-04-03T06:13:33.548-0500,100,1,320
06:13:34.548,1775214814.548,2026-04-03T06:13:34.548-0500,100,1,321
06:13:35.548,1775214815.548,2026-04-03T06:13:35.548-0500,100,1,322
06:13:36.548,1775214816.548,2026-04-03T06:13:36.548-0500,100,1,323
06:13:37.548,1775214817.548,2026-04-03T06:13:37.548-0500,100,1,324
06:13:38.548,1775214818.548,2026-04-03T06:13:38.548-0500,100,1,325
06:13:39.548,1775214819.548,2026-04-03T06:13:39.548-0500,100,1,326
06:13:40.548,1775214820.548,2026-04-03T06:13:40.548-0500,100,1,327
06:13:41.548,1775214821.548,2026-04-03T06:13:41.548-0500,99,1,328
06:13:42.548,1775214822.548,2026-04-03T06:13:42.548-0500,99,1,329
06:13:43.548,1775214823.548,2026-04-03T06:13:43.548-0500,99,1,330
06:13:44.548,1775214824.548,2026-04-03T06:13:44.548-0500,99,1,331
06:13:45.548,1775214825.548,2026-04-03T06:13:45.548-0500,99,1,332
06:13:46.548,1775214826.548,2026-04-03T06:13:46.548-0500,100,1,333
06:13:47.548,1775214827.548,2026-04-03T06:13:47.548-0500,100,1,334
06:13:48.548,1775214828.548,2026-04-03T06:13:48.548-0500,100,1,335
06:13:49.548,1775214829.548,2026-04-03T06:13:49.548-0500,100,1,336
06:13:50.548,1775214830.548,2026-04-03T06:13:50.548-0500,100,1,337
06:13:51.548,1775214831.548,2026-04-03T06:13:51.548-0500,100,1,338
06:13:52.548,1775214832.548,2026-04-03T06:13:52.548-0500,100,1,339
06:13:53.548,1775214833.548,2026-04-03T06:13:53.548-0500,101,1,340
06:13:54.548,1775214834.548,2026-04-03T06:13:54.548-0500,101,1,341
06:13:55.548,1775214835.548,2026-04-03T06:13:55.548-0500,101,1,342
06:13:56.548,1775214836.548,2026-04-03T06:13:56.548-0500,101,1,343
06:13:57.548,1775214837.548,2026-04-03T06:13:57.548-0500,101,1,344
06:13:58.548,1775214838.548,2026-04-03T06:13:58.548-0500,102,1,345
06:13:59.548,1775214839.548,2026-04-03T06:13:59.548-0500,103,1,346
06:14:00.548,1775214840.548,2026-04-03T06:14:00.548-0500,104,1,347
06:14:01.548,1775214841.548,2026-04-03T06:14:01.548-0500,104,1,348
06:14:02.548,1775214842.548,2026-04-03T06:14:02.548-0500,104,1,349
06:14:03.548,1775214843.548,2026-04-03T06:14:03.548-0500,103,1,350
06:14:04.548,1775214844.548,2026-04-03T06:14:04.548-0500,103,1,351
06:14:05.548,1775214845.548,2026-04-03T06:14:05.548-0500,102,1,352
06:14:06.548,1775214846.548,2026-04-03T06:14:06.548-0500,101,1,353
06:14:07.548,1775214847.548,2026-04-03T06:14:07.548-0500,100,1,354
06:14:08.548,1775214848.548,2026-04-03T06:14:08.548-0500,99,1,355
06:14:09.548,1775214849.548,2026-04-03T06:14:09.548-0500,99,1,356
06:14:10.548,1775214850.548,2026-04-03T06:14:10.548-0500,99,1,357
06:14:11.548,1775214851.548,2026-04-03T06:14:11.548-0500,99,1,358
06:14:12.548,1775214852.548,2026-04-03T06:14:12.548-0500,99,1,359
06:14:13.548,1775214853.548,2026-04-03T06:14:13.548-0500,99,1,360
06:14:14.548,1775214854.548,2026-04-03T06:14:14.548-0500,99,1,361
06:14:15.548,1775214855.548,2026-04-03T06:14:15.548-0500,99,1,362
06:14:16.548,1775214856.548,2026-04-03T06:14:16.548-0500,99,1,363
06:14:17.548,1775214857.548,2026-04-03T06:14:17.548-0500,99,1,364
06:14:18.548,1775214858.548,2026-04-03T06:14:18.548-0500,98,1,365
06:14:19.548,1775214859.548,2026-04-03T06:14:19.548-0500,98,1,366
06:14:20.548,1775214860.548,2026-04-03T06:14:20.548-0500,98,1,367
06:14:21.548,1775214861.548,2026-04-03T06:14:21.548-0500,98,1,368
06:14:22.548,1775214862.548,2026-04-03T06:14:22.548-0500,99,1,369
06:14:23.548,1775214863.548,2026-04-03T06:14:23.548-0500,101,1,370
06:14:24.548,1775214864.548,2026-04-03T06:14:24.548-0500,102,1,371
06:14:25.548,1775214865.548,2026-04-03T06:14:25.548-0500,102,1,372
06:14:26.548,1775214866.548,2026-04-03T06:14:26.548-0500,102,1,373
06:14:27.548,1775214867.548,2026-04-03T06:14:27.548-0500,101,1,374
06:14:28.548,1775214868.548,2026-04-03T06:14:28.548-0500,101,1,375
06:14:29.548,1775214869.548,2026-04-03T06:14:29.548-0500,101,1,376
06:14:30.548,1775214870.548,2026-04-03T06:14:30.548-0500,101,1,377
06:14:31.548,1775214871.548,2026-04-03T06:14:31.548-0500,101,1,378
06:14:32.548,1775214872.548,2026-04-03T06:14:32.548-0500,101,1,379
06:14:33.548,1775214873.548,2026-04-03T06:14:33.548-0500,101,1,380
06:14:34.548,1775214874.548,2026-04-03T06:14:34.548-0500,101,1,381
06:14:35.548,1775214875.548,2026-04-03T06:14:35.548-0500,101,1,382
06:14:36.548,1775214876.548,2026-04-03T06:14:36.548-0500,102,1,383
06:14:37.548,1775214877.548,2026-04-03T06:14:37.548-0500,102,1,384
06:14:38.548,1775214878.548,2026-04-03T06:14:38.548-0500,102,1,385
06:14:39.548,1775214879.548,2026-04-03T06:14:39.548-0500,102,1,386
06:14:40.548,1775214880.548,2026-04-03T06:14:40.548-0500,102,1,387
06:14:41.548,1775214881.548,2026-04-03T06:14:41.548-0500,102,1,388
06:14:42.548,1775214882.548,2026-04-03T06:14:42.548-0500,102,1,389
06:14:43.548,1775214883.548,2026-04-03T06:14:43.548-0500,102,1,390
06:14:44.548,1775214884.548,2026-04-03T06:14:44.548-0500,102,1,391
06:14:45.548,1775214885.548,2026-04-03T06:14:45.548-0500,102,1,392
06:14:46.548,1775214886.548,2026-04-03T06:14:46.548-0500,102,1,393
06:14:47.548,1775214887.548,2026-04-03T06:14:47.548-0500,102,1,394
06:14:48.548,1775214888.548,2026-04-03T06:14:48.548-0500,102,1,395
06:14:49.548,1775214889.548,2026-04-03T06:14:49.548-0500,101,1,396
06:14:50.548,1775214890.548,2026-04-03T06:14:50.548-0500,102,1,397
06:14:51.548,1775214891.548,2026-04-03T06:14:51.548-0500,102,1,398
06:14:52.548,1775214892.548,2026-04-03T06:14:52.548-0500,103,1,399
06:14:53.548,1775214893.548,2026-04-03T06:14:53.548-0500,103,1,400
06:14:54.548,1775214894.548,2026-04-03T06:14:54.548-0500,104,1,401
06:14:55.548,1775214895.548,2026-04-03T06:14:55.548-0500,104,1,402
06:14:56.548,1775214896.548,2026-04-03T06:14:56.548-0500,105,1,403
06:14:57.548,1775214897.548,2026-04-03T06:14:57.548-0500,105,1,404
06:14:58.548,1775214898.548,2026-04-03T06:14:58.548-0500,105,1,405
06:14:59.548,1775214899.548,2026-04-03T06:14:59.548-0500,105,1,406
06:15:00.548,1775214900.548,2026-04-03T06:15:00.548-0500,105,1,407
06:15:01.548,1775214901.548,2026-04-03T06:15:01.548-0500,104,1,408
06:15:02.548,1775214902.548,2026-04-03T06:15:02.548-0500,104,1,409
06:15:03.548,1775214903.548,2026-04-03T06:15:03.548-0500,103,1,410
06:15:04.548,1775214904.548,2026-04-03T06:15:04.548-0500,103,1,411
06:15:05.548,1775214905.548,2026-04-03T06:15:05.548-0500,102,1,412
06:15:06.548,1775214906.548,2026-04-03T06:15:06.548-0500,102,1,413
06:15:07.548,1775214907.548,2026-04-03T06:15:07.548-0500,101,1,414
06:15:08.548,1775214908.548,2026-04-03T06:15:08.548-0500,101,1,415
06:15:09.548,1775214909.548,2026-04-03T06:15:09.548-0500,101,1,416
06:15:10.548,1775214910.548,2026-04-03T06:15:10.548-0500,101,1,417
06:15:11.548,1775214911.548,2026-04-03T06:15:11.548-0500,101,1,418
06:15:12.548,1775214912.548,2026-04-03T06:15:12.548-0500,102,1,419
06:15:13.548,1775214913.548,2026-04-03T06:15:13.548-0500,102,1,420
06:15:14.548,1775214914.548,2026-04-03T06:15:14.548-0500,102,1,421
06:15:15.548,1775214915.548,2026-04-03T06:15:15.548-0500,102,1,422
06:15:16.548,1775214916.548,2026-04-03T06:15:16.548-0500,102,1,423
06:15:17.548,1775214917.548,2026-04-03T06:15:17.548-0500,103,1,424
06:15:18.548,1775214918.548,2026-04-03T06:15:18.548-0500,103,1,425
06:15:19.548,1775214919.548,2026-04-03T06:15:19.548-0500,103,1,426
06:15:20.548,1775214920.548,2026-04-03T06:15:20.548-0500,103,1,427
06:15:21.548,1775214921.548,2026-04-03T06:15:21.548-0500,104,1,428
06:15:22.548,1775214922.548,2026-04-03T06:15:22.548-0500,104,1,429
06:15:23.548,1775214923.548,2026-04-03T06:15:23.548-0500,104,1,430
06:15:24.548,1775214924.548,2026-04-03T06:15:24.548-0500,104,1,431
06:15:25.548,1775214925.548,2026-04-03T06:15:25.548-0500,105,1,432
06:15:26.548,1775214926.548,2026-04-03T06:15:26.548-0500,105,1,433
06:15:27.548,1775214927.548,2026-04-03T06:15:27.548-0500,106,1,434
06:15:28.548,1775214928.548,2026-04-03T06:15:28.548-0500,106,1,435
06:15:29.548,1775214929.548,2026-04-03T06:15:29.548-0500,107,1,436
06:15:30.548,1775214930.548,2026-04-03T06:15:30.548-0500,108,1,437
06:15:31.548,1775214931.548,2026-04-03T06:15:31.548-0500,108,1,438
06:15:32.548,1775214932.548,2026-04-03T06:15:32.548-0500,109,1,439
06:15:33.548,1775214933.548,2026-04-03T06:15:33.548-0500,110,1,440
06:15:34.548,1775214934.548,2026-04-03T06:15:34.548-0500,111,1,441
06:15:35.548,1775214935.548,2026-04-03T06:15:35.548-0500,112,1,442
06:15:36.548,1775214936.548,2026-04-03T06:15:36.548-0500,113,1,443
06:15:37.548,1775214937.548,2026-04-03T06:15:37.548-0500,114,1,444
06:15:38.548,1775214938.548,2026-04-03T06:15:38.548-0500,115,1,445
06:15:39.548,1775214939.548,2026-04-03T06:15:39.548-0500,115,1,446
06:15:40.548,1775214940.548,2026-04-03T06:15:40.548-0500,115,1,447
06:15:41.548,1775214941.548,2026-04-03T06:15:41.548-0500,115,1,448
06:15:42.548,1775214942.548,2026-04-03T06:15:42.548-0500,115,1,449
06:15:43.548,1775214943.548,2026-04-03T06:15:43.548-0500,115,1,450
06:15:44.548,1775214944.548,2026-04-03T06:15:44.548-0500,115,1,451
06:15:45.548,1775214945.548,2026-04-03T06:15:45.548-0500,115,1,452
06:15:46.548,1775214946.548,2026-04-03T06:15:46.548-0500,115,1,453
06:15:47.548,1775214947.548,2026-04-03T06:15:47.548-0500,115,1,454
06:15:48.548,1775214948.548,2026-04-03T06:15:48.548-0500,115,1,455
06:15:49.548,1775214949.548,2026-04-03T06:15:49.548-0500,115,1,456
06:15:50.548,1775214950.548,2026-04-03T06:15:50.548-0500,116,1,457
06:15:51.548,1775214951.548,2026-04-03T06:15:51.548-0500,117,1,458
06:15:52.548,1775214952.548,2026-04-03T06:15:52.548-0500,117,1,459
06:15:53.548,1775214953.548,2026-04-03T06:15:53.548-0500,118,1,460
06:16:15.548,1775214975.548,2026-04-03T06:16:15.548-0500,115,1,482
06:16:16.548,1775214976.548,2026-04-03T06:16:16.548-0500,115,1,483
06:16:17.548,1775214977.548,2026-04-03T06:16:17.548-0500,115,1,484
06:16:18.548,1775214978.548,2026-04-03T06:16:18.548-0500,115,1,485
06:16:19.548,1775214979.548,2026-04-03T06:16:19.548-0500,114,1,486
06:16:20.548,1775214980.548,2026-04-03T06:16:20.548-0500,114,1,487
06:16:21.548,1775214981.548,2026-04-03T06:16:21.548-0500,114,1,488
06:16:22.548,1775214982.548,2026-04-03T06:16:22.548-0500,114,1,489
06:16:23.548,1775214983.548,2026-04-03T06:16:23.548-0500,114,1,490
06:16:24.548,1775214984.548,2026-04-03T06:16:24.548-0500,113,1,491
06:16:25.548,1775214985.548,2026-04-03T06:16:25.548-0500,113,1,492
06:16:26.548,1775214986.548,2026-04-03T06:16:26.548-0500,112,1,493
06:16:27.548,1775214987.548,2026-04-03T06:16:27.548-0500,111,1,494
06:16:28.548,1775214988.548,2026-04-03T06:16:28.548-0500,111,1,495
06:16:29.548,1775214989.548,2026-04-03T06:16:29.548-0500,110,1,496
06:16:30.548,1775214990.548,2026-04-03T06:16:30.548-0500,109,1,497
06:16:31.548,1775214991.548,2026-04-03T06:16:31.548-0500,108,1,498
06:16:32.548,1775214992.548,2026-04-03T06:16:32.548-0500,107,1,499
06:16:33.548,1775214993.548,2026-04-03T06:16:33.548-0500,106,1,500
06:16:34.548,1775214994.548,2026-04-03T06:16:34.548-0500,106,1,501
06:16:35.548,1775214995.548,2026-04-03T06:16:35.548-0500,105,1,502
06:16:36.548,1775214996.548,2026-04-03T06:16:36.548-0500,105,1,503
06:16:37.548,1775214997.548,2026-04-03T06:16:37.548-0500,104,1,504
06:16:38.548,1775214998.548,2026-04-03T06:16:38.548-0500,104,1,505
06:16:39.548,1775214999.548,2026-04-03T06:16:39.548-0500,104,1,506
06:16:40.548,1775215000.548,2026-04-03T06:16:40.548-0500,103,1,507
06:16:41.548,1775215001.548,2026-04-03T06:16:41.548-0500,103,1,508
06:16:42.548,1775215002.548,2026-04-03T06:16:42.548-0500,102,1,509
06:16:43.548,1775215003.548,2026-04-03T06:16:43.548-0500,102,1,510
06:16:44.548,1775215004.548,2026-04-03T06:16:44.548-0500,101,1,511
06:16:45.548,1775215005.548,2026-04-03T06:16:45.548-0500,101,1,512
06:16:46.548,1775215006.548,2026-04-03T06:16:46.548-0500,100,1,513
06:16:47.548,1775215007.548,2026-04-03T06:16:47.548-0500,99,1,514
06:16:48.548,1775215008.548,2026-04-03T06:16:48.548-0500,99,1,515
06:16:49.548,1775215009.548,2026-04-03T06:16:49.548-0500,98,1,516
06:16:50.548,1775215010.548,2026-04-03T06:16:50.548-0500,98,1,517
06:16:51.548,1775215011.548,2026-04-03T06:16:51.548-0500,97,1,518
06:16:52.548,1775215012.548,2026-04-03T06:16:52.548-0500,97,1,519
06:16:53.548,1775215013.548,2026-04-03T06:16:53.548-0500,96,1,520
06:16:54.548,1775215014.548,2026-04-03T06:16:54.548-0500,96,1,521
06:16:55.548,1775215015.548,2026-04-03T06:16:55.548-0500,96,1,522
06:16:56.548,1775215016.548,2026-04-03T06:16:56.548-0500,97,1,523
06:16:57.548,1775215017.548,2026-04-03T06:16:57.548-0500,98,1,524
06:16:58.548,1775215018.548,2026-04-03T06:16:58.548-0500,98,1,525
06:16:59.548,1775215019.548,2026-04-03T06:16:59.548-0500,99,1,526
06:17:00.548,1775215020.548,2026-04-03T06:17:00.548-0500,99,1,527
06:17:01.548,1775215021.548,2026-04-03T06:17:01.548-0500,100,1,528
06:17:02.548,1775215022.548,2026-04-03T06:17:02.548-0500,100,1,529
06:17:03.548,1775215023.548,2026-04-03T06:17:03.548-0500,101,1,530
06:17:04.548,1775215024.548,2026-04-03T06:17:04.548-0500,101,1,531
06:17:05.548,1775215025.548,2026-04-03T06:17:05.548-0500,102,1,532
06:17:06.548,1775215026.548,2026-04-03T06:17:06.548-0500,103,1,533
06:17:07.548,1775215027.548,2026-04-03T06:17:07.548-0500,104,1,534
06:17:08.548,1775215028.548,2026-04-03T06:17:08.548-0500,105,1,535
06:17:09.548,1775215029.548,2026-04-03T06:17:09.548-0500,106,1,536
06:17:10.548,1775215030.548,2026-04-03T06:17:10.548-0500,107,1,537
06:17:11.548,1775215031.548,2026-04-03T06:17:11.548-0500,108,1,538
06:17:12.548,1775215032.548,2026-04-03T06:17:12.548-0500,109,1,539
06:17:13.548,1775215033.548,2026-04-03T06:17:13.548-0500,110,1,540
06:17:14.548,1775215034.548,2026-04-03T06:17:14.548-0500,111,1,541
06:17:15.548,1775215035.548,2026-04-03T06:17:15.548-0500,112,1,542
06:17:16.548,1775215036.548,2026-04-03T06:17:16.548-0500,112,1,543
06:17:17.548,1775215037.548,2026-04-03T06:17:17.548-0500,112,1,544
06:17:18.548,1775215038.548,2026-04-03T06:17:18.548-0500,113,1,545
06:17:19.548,1775215039.548,2026-04-03T06:17:19.548-0500,113,1,546
06:17:20.548,1775215040.548,2026-04-03T06:17:20.548-0500,113,1,547
06:17:21.548,1775215041.548,2026-04-03T06:17:21.548-0500,113,1,548
06:17:22.548,1775215042.548,2026-04-03T06:17:22.548-0500,114,1,549
06:17:23.548,1775215043.548,2026-04-03T06:17:23.548-0500,114,1,550
06:17:24.548,1775215044.548,2026-04-03T06:17:24.548-0500,114,1,551
06:17:25.548,1775215045.548,2026-04-03T06:17:25.548-0500,114,1,552
06:17:26.548,1775215046.548,2026-04-03T06:17:26.548-0500,113,1,553
06:17:27.548,1775215047.548,2026-04-03T06:17:27.548-0500,112,1,554
06:17:28.548,1775215048.548,2026-04-03T06:17:28.548-0500,112,1,555
06:17:29.548,1775215049.548,2026-04-03T06:17:29.548-0500,111,1,556
06:17:30.548,1775215050.548,2026-04-03T06:17:30.548-0500,110,1,557
06:17:31.548,1775215051.548,2026-04-03T06:17:31.548-0500,110,1,558
06:17:32.548,1775215052.548,2026-04-03T06:17:32.548-0500,110,1,559
06:17:33.548,1775215053.548,2026-04-03T06:17:33.548-0500,109,1,560
06:17:34.548,1775215054.548,2026-04-03T06:17:34.548-0500,109,1,561
06:17:35.548,1775215055.548,2026-04-03T06:17:35.548-0500,109,1,562
06:17:36.548,1775215056.548,2026-04-03T06:17:36.548-0500,109,1,563
06:17:37.548,1775215057.548,2026-04-03T06:17:37.548-0500,109,1,564
06:17:38.548,1775215058.548,2026-04-03T06:17:38.548-0500,108,1,565
06:17:39.548,1775215059.548,2026-04-03T06:17:39.548-0500,108,1,566
06:17:40.548,1775215060.548,2026-04-03T06:17:40.548-0500,108,1,567
06:17:41.548,1775215061.548,2026-04-03T06:17:41.548-0500,108,1,568
06:17:42.548,1775215062.548,2026-04-03T06:17:42.548-0500,108,1,569
06:17:43.548,1775215063.548,2026-04-03T06:17:43.548-0500,108,1,570
06:17:44.548,1775215064.548,2026-04-03T06:17:44.548-0500,108,1,571
06:17:45.548,1775215065.548,2026-04-03T06:17:45.548-0500,107,1,572
06:17:46.548,1775215066.548,2026-04-03T06:17:46.548-0500,107,1,573
06:17:47.548,1775215067.548,2026-04-03T06:17:47.548-0500,106,1,574
06:17:48.548,1775215068.548,2026-04-03T06:17:48.548-0500,106,1,575
06:17:49.548,1775215069.548,2026-04-03T06:17:49.548-0500,106,1,576
06:17:50.548,1775215070.548,2026-04-03T06:17:50.548-0500,105,1,577
06:17:51.548,1775215071.548,2026-04-03T06:17:51.548-0500,105,1,578
06:17:52.548,1775215072.548,2026-04-03T06:17:52.548-0500,104,1,579
06:17:53.548,1775215073.548,2026-04-03T06:17:53.548-0500,104,1,580
06:17:54.548,1775215074.548,2026-04-03T06:17:54.548-0500,104,1,581
06:17:55.548,1775215075.548,2026-04-03T06:17:55.548-0500,103,1,582
06:17:56.548,1775215076.548,2026-04-03T06:17:56.548-0500,103,1,583
06:17:57.548,1775215077.548,2026-04-03T06:17:57.548-0500,104,1,584
06:17:58.548,1775215078.548,2026-04-03T06:17:58.548-0500,104,1,585
06:17:59.548,1775215079.548,2026-04-03T06:17:59.548-0500,105,1,586
06:18:00.548,1775215080.548,2026-04-03T06:18:00.548-0500,105,1,587
06:18:01.548,1775215081.548,2026-04-03T06:18:01.548-0500,106,1,588
06:18:02.548,1775215082.548,2026-04-03T06:18:02.548-0500,106,1,589
06:18:03.548,1775215083.548,2026-04-03T06:18:03.548-0500,107,1,590
06:18:04.548,1775215084.548,2026-04-03T06:18:04.548-0500,106,1,591
06:18:05.548,1775215085.548,2026-04-03T06:18:05.548-0500,106,1,592
06:18:06.548,1775215086.548,2026-04-03T06:18:06.548-0500,105,1,593
06:18:07.548,1775215087.548,2026-04-03T06:18:07.548-0500,104,1,594
06:18:08.548,1775215088.548,2026-04-03T06:18:08.548-0500,103,1,595
06:18:09.548,1775215089.548,2026-04-03T06:18:09.548-0500,103,1,596
06:18:10.548,1775215090.548,2026-04-03T06:18:10.548-0500,103,1,597
06:18:11.548,1775215091.548,2026-04-03T06:18:11.548-0500,103,1,598
06:18:12.548,1775215092.548,2026-04-03T06:18:12.548-0500,102,1,599
06:18:13.548,1775215093.548,2026-04-03T06:18:13.548-0500,102,1,600
06:18:14.548,1775215094.548,2026-04-03T06:18:14.548-0500,102,1,601
06:18:15.548,1775215095.548,2026-04-03T06:18:15.548-0500,102,1,602
06:18:16.548,1775215096.548,2026-04-03T06:18:16.548-0500,101,1,603
06:18:17.548,1775215097.548,2026-04-03T06:18:17.548-0500,101,1,604
06:18:18.548,1775215098.548,2026-04-03T06:18:18.548-0500,101,1,605
06:18:19.548,1775215099.548,2026-04-03T06:18:19.548-0500,100,1,606
06:18:20.548,1775215100.548,2026-04-03T06:18:20.548-0500,100,1,607
06:18:21.548,1775215101.548,2026-04-03T06:18:21.548-0500,100,1,608
06:18:22.548,1775215102.548,2026-04-03T06:18:22.548-0500,100,1,609
06:18:23.548,1775215103.548,2026-04-03T06:18:23.548-0500,100,1,610
06:18:24.548,1775215104.548,2026-04-03T06:18:24.548-0500,100,1,611
06:18:25.548,1775215105.548,2026-04-03T06:18:25.548-0500,100,1,612
06:18:26.548,1775215106.548,2026-04-03T06:18:26.548-0500,100,1,613
06:18:27.548,1775215107.548,2026-04-03T06:18:27.548-0500,100,1,614
06:18:28.548,1775215108.548,2026-04-03T06:18:28.548-0500,100,1,615
06:18:29.548,1775215109.548,2026-04-03T06:18:29.548-0500,100,1,616
06:18:30.548,1775215110.548,2026-04-03T06:18:30.548-0500,100,1,617
06:18:31.548,1775215111.548,2026-04-03T06:18:31.548-0500,100,1,618
06:18:32.548,1775215112.548,2026-04-03T06:18:32.548-0500,100,1,619
06:18:33.548,1775215113.548,2026-04-03T06:18:33.548-0500,100,1,620
06:18:34.548,1775215114.548,2026-04-03T06:18:34.548-0500,100,1,621
06:18:35.548,1775215115.548,2026-04-03T06:18:35.548-0500,100,1,622
06:18:36.548,1775215116.548,2026-04-03T06:18:36.548-0500,100,1,623
06:18:37.548,1775215117.548,2026-04-03T06:18:37.548-0500,100,1,624
06:18:38.548,1775215118.548,2026-04-03T06:18:38.548-0500,100,1,625
06:18:39.548,1775215119.548,2026-04-03T06:18:39.548-0500,99,1,626
06:18:40.548,1775215120.548,2026-04-03T06:18:40.548-0500,99,1,627
06:18:41.548,1775215121.548,2026-04-03T06:18:41.548-0500,98,1,628
06:18:42.548,1775215122.548,2026-04-03T06:18:42.548-0500,98,1,629
06:18:43.548,1775215123.548,2026-04-03T06:18:43.548-0500,97,1,630
06:18:44.548,1775215124.548,2026-04-03T06:18:44.548-0500,97,1,631
06:18:45.548,1775215125.548,2026-04-03T06:18:45.548-0500,96,1,632
06:18:46.548,1775215126.548,2026-04-03T06:18:46.548-0500,96,1,633
06:18:47.548,1775215127.548,2026-04-03T06:18:47.548-0500,95,1,634
06:18:48.548,1775215128.548,2026-04-03T06:18:48.548-0500,95,1,635
06:18:49.548,1775215129.548,2026-04-03T06:18:49.548-0500,94,1,636
06:18:50.548,1775215130.548,2026-04-03T06:18:50.548-0500,93,1,637
06:18:51.548,1775215131.548,2026-04-03T06:18:51.548-0500,93,1,638
06:18:52.548,1775215132.548,2026-04-03T06:18:52.548-0500,92,1,639
06:18:53.548,1775215133.548,2026-04-03T06:18:53.548-0500,92,1,640
06:18:54.548,1775215134.548,2026-04-03T06:18:54.548-0500,92,1,641
06:18:55.548,1775215135.548,2026-04-03T06:18:55.548-0500,92,1,642
06:18:56.548,1775215136.548,2026-04-03T06:18:56.548-0500,91,1,643
06:18:57.548,1775215137.548,2026-04-03T06:18:57.548-0500,91,1,644
06:18:58.548,1775215138.548,2026-04-03T06:18:58.548-0500,91,1,645
06:18:59.548,1775215139.548,2026-04-03T06:18:59.548-0500,91,1,646
06:19:00.548,1775215140.548,2026-04-03T06:19:00.548-0500,91,1,647
06:19:01.548,1775215141.548,2026-04-03T06:19:01.548-0500,90,1,648
06:19:02.548,1775215142.548,2026-04-03T06:19:02.548-0500,90,1,649
06:19:03.548,1775215143.548,2026-04-03T06:19:03.548-0500,90,1,650
06:19:04.548,1775215144.548,2026-04-03T06:19:04.548-0500,90,1,651
06:19:05.548,1775215145.548,2026-04-03T06:19:05.548-0500,90,1,652
06:19:06.548,1775215146.548,2026-04-03T06:19:06.548-0500,91,1,653
06:19:07.548,1775215147.548,2026-04-03T06:19:07.548-0500,91,1,654
06:19:08.548,1775215148.548,2026-04-03T06:19:08.548-0500,91,1,655
06:19:09.548,1775215149.548,2026-04-03T06:19:09.548-0500,91,1,656
06:19:10.548,1775215150.548,2026-04-03T06:19:10.548-0500,91,1,657
06:19:11.548,1775215151.548,2026-04-03T06:19:11.548-0500,91,1,658
06:19:12.548,1775215152.548,2026-04-03T06:19:12.548-0500,91,1,659
06:19:13.548,1775215153.548,2026-04-03T06:19:13.548-0500,91,1,660
06:19:14.548,1775215154.548,2026-04-03T06:19:14.548-0500,91,1,661
06:19:15.548,1775215155.548,2026-04-03T06:19:15.548-0500,91,1,662
06:19:16.548,1775215156.548,2026-04-03T06:19:16.548-0500,91,1,663
06:19:17.548,1775215157.548,2026-04-03T06:19:17.548-0500,92,1,664
06:19:18.548,1775215158.548,2026-04-03T06:19:18.548-0500,92,1,665
06:19:19.548,1775215159.548,2026-04-03T06:19:19.548-0500,92,1,666
06:19:20.548,1775215160.548,2026-04-03T06:19:20.548-0500,92,1,667
06:19:21.548,1775215161.548,2026-04-03T06:19:21.548-0500,91,1,668
06:19:22.548,1775215162.548,2026-04-03T06:19:22.548-0500,91,1,669
06:19:23.548,1775215163.548,2026-04-03T06:19:23.548-0500,91,1,670
06:19:24.548,1775215164.548,2026-04-03T06:19:24.548-0500,91,1,671
06:19:25.548,1775215165.548,2026-04-03T06:19:25.548-0500,91,1,672
06:19:26.548,1775215166.548,2026-04-03T06:19:26.548-0500,91,1,673
06:19:27.548,1775215167.548,2026-04-03T06:19:27.548-0500,91,1,674
06:19:28.548,1775215168.548,2026-04-03T06:19:28.548-0500,92,1,675
06:19:29.548,1775215169.548,2026-04-03T06:19:29.548-0500,92,1,676
06:19:30.548,1775215170.548,2026-04-03T06:19:30.548-0500,92,1,677
06:19:31.548,1775215171.548,2026-04-03T06:19:31.548-0500,92,1,678
06:19:32.548,1775215172.548,2026-04-03T06:19:32.548-0500,93,1,679
06:19:33.548,1775215173.548,2026-04-03T06:19:33.548-0500,93,1,680
06:19:34.548,1775215174.548,2026-04-03T06:19:34.548-0500,93,1,681
06:19:35.548,1775215175.548,2026-04-03T06:19:35.548-0500,93,1,682
06:19:36.548,1775215176.548,2026-04-03T06:19:36.548-0500,94,1,683
06:19:37.548,1775215177.548,2026-04-03T06:19:37.548-0500,94,1,684
06:19:38.548,1775215178.548,2026-04-03T06:19:38.548-0500,94,1,685
06:19:39.548,1775215179.548,2026-04-03T06:19:39.548-0500,95,1,686
06:19:40.548,1775215180.548,2026-04-03T06:19:40.548-0500,95,1,687
06:19:41.548,1775215181.548,2026-04-03T06:19:41.548-0500,96,1,688
06:19:42.548,1775215182.548,2026-04-03T06:19:42.548-0500,96,1,689
06:19:43.548,1775215183.548,2026-04-03T06:19:43.548-0500,97,1,690
06:19:44.548,1775215184.548,2026-04-03T06:19:44.548-0500,98,1,691
06:19:45.548,1775215185.548,2026-04-03T06:19:45.548-0500,99,1,692
06:19:46.548,1775215186.548,2026-04-03T06:19:46.548-0500,100,1,693
06:19:47.548,1775215187.548,2026-04-03T06:19:47.548-0500,100,1,694
06:19:48.548,1775215188.548,2026-04-03T06:19:48.548-0500,101,1,695
06:19:49.548,1775215189.548,2026-04-03T06:19:49.548-0500,102,1,696
06:19:50.548,1775215190.548,2026-04-03T06:19:50.548-0500,103,1,697
06:19:51.548,1775215191.548,2026-04-03T06:19:51.548-0500,103,1,698
06:19:52.548,1775215192.548,2026-04-03T06:19:52.548-0500,103,1,699
06:19:53.548,1775215193.548,2026-04-03T06:19:53.548-0500,103,1,700
06:19:54.548,1775215194.548,2026-04-03T06:19:54.548-0500,103,1,701
06:19:55.548,1775215195.548,2026-04-03T06:19:55.548-0500,103,1,702
06:19:56.548,1775215196.548,2026-04-03T06:19:56.548-0500,104,1,703
06:19:57.548,1775215197.548,2026-04-03T06:19:57.548-0500,105,1,704
06:19:58.548,1775215198.548,2026-04-03T06:19:58.548-0500,107,1,705
06:19:59.548,1775215199.548,2026-04-03T06:19:59.548-0500,108,1,706
06:20:00.548,1775215200.548,2026-04-03T06:20:00.548-0500,110,1,707
06:20:01.548,1775215201.548,2026-04-03T06:20:01.548-0500,110,1,708
06:20:02.548,1775215202.548,2026-04-03T06:20:02.548-0500,111,1,709
06:20:03.548,1775215203.548,2026-04-03T06:20:03.548-0500,111,1,710
06:20:04.548,1775215204.548,2026-04-03T06:20:04.548-0500,112,1,711
06:20:05.548,1775215205.548,2026-04-03T06:20:05.548-0500,112,1,712
06:20:06.548,1775215206.548,2026-04-03T06:20:06.548-0500,112,1,713
06:20:07.548,1775215207.548,2026-04-03T06:20:07.548-0500,113,1,714
06:20:08.548,1775215208.548,2026-04-03T06:20:08.548-0500,113,1,715
06:20:09.548,1775215209.548,2026-04-03T06:20:09.548-0500,113,1,716
06:20:10.548,1775215210.548,2026-04-03T06:20:10.548-0500,114,1,717
06:20:11.548,1775215211.548,2026-04-03T06:20:11.548-0500,114,1,718
06:20:22.548,1775215222.548,2026-04-03T06:20:22.548-0500,119,1,729
06:20:33.548,1775215233.548,2026-04-03T06:20:33.548-0500,119,1,740
06:20:34.548,1775215234.548,2026-04-03T06:20:34.548-0500,119,1,741
06:20:35.548,1775215235.548,2026-04-03T06:20:35.548-0500,118,1,742
06:20:36.548,1775215236.548,2026-04-03T06:20:36.548-0500,118,1,743
06:20:37.548,1775215237.548,2026-04-03T06:20:37.548-0500,118,1,744
06:20:38.548,1775215238.548,2026-04-03T06:20:38.548-0500,117,1,745
06:20:39.548,1775215239.548,2026-04-03T06:20:39.548-0500,117,1,746
06:20:40.548,1775215240.548,2026-04-03T06:20:40.548-0500,117,1,747
06:20:41.548,1775215241.548,2026-04-03T06:20:41.548-0500,117,1,748
06:20:42.548,1775215242.548,2026-04-03T06:20:42.548-0500,117,1,749
06:20:43.548,1775215243.548,2026-04-03T06:20:43.548-0500,118,1,750
06:20:44.548,1775215244.548,2026-04-03T06:20:44.548-0500,118,1,751
06:20:45.548,1775215245.548,2026-04-03T06:20:45.548-0500,118,1,752
06:20:46.548,1775215246.548,2026-04-03T06:20:46.548-0500,118,1,753
06:20:47.548,1775215247.548,2026-04-03T06:20:47.548-0500,118,1,754
06:20:48.548,1775215248.548,2026-04-03T06:20:48.548-0500,117,1,755
06:20:49.548,1775215249.548,2026-04-03T06:20:49.548-0500,117,1,756
06:20:50.548,1775215250.548,2026-04-03T06:20:50.548-0500,117,1,757
06:20:51.548,1775215251.548,2026-04-03T06:20:51.548-0500,117,1,758
06:20:52.548,1775215252.548,2026-04-03T06:20:52.548-0500,117,1,759
06:20:53.548,1775215253.548,2026-04-03T06:20:53.548-0500,117,1,760
06:20:54.548,1775215254.548,2026-04-03T06:20:54.548-0500,117,1,761
06:20:55.548,1775215255.548,2026-04-03T06:20:55.548-0500,117,1,762
06:20:56.548,1775215256.548,2026-04-03T06:20:56.548-0500,117,1,763
06:20:57.548,1775215257.548,2026-04-03T06:20:57.548-0500,117,1,764
06:20:58.548,1775215258.548,2026-04-03T06:20:58.548-0500,117,1,765
06:20:59.548,1775215259.548,2026-04-03T06:20:59.548-0500,117,1,766
06:21:00.548,1775215260.548,2026-04-03T06:21:00.548-0500,117,1,767
06:21:01.548,1775215261.548,2026-04-03T06:21:01.548-0500,117,1,768
06:21:02.548,1775215262.548,2026-04-03T06:21:02.548-0500,117,1,769
06:21:03.548,1775215263.548,2026-04-03T06:21:03.548-0500,118,1,770
06:21:04.548,1775215264.548,2026-04-03T06:21:04.548-0500,118,1,771
06:21:05.548,1775215265.548,2026-04-03T06:21:05.548-0500,118,1,772
06:21:06.548,1775215266.548,2026-04-03T06:21:06.548-0500,118,1,773
06:21:07.548,1775215267.548,2026-04-03T06:21:07.548-0500,118,1,774
06:21:08.548,1775215268.548,2026-04-03T06:21:08.548-0500,118,1,775
06:21:09.548,1775215269.548,2026-04-03T06:21:09.548-0500,118,1,776
06:21:10.548,1775215270.548,2026-04-03T06:21:10.548-0500,118,1,777
06:21:11.548,1775215271.548,2026-04-03T06:21:11.548-0500,117,1,778
06:21:12.548,1775215272.548,2026-04-03T06:21:12.548-0500,117,1,779
06:21:13.548,1775215273.548,2026-04-03T06:21:13.548-0500,117,1,780
06:21:14.548,1775215274.548,2026-04-03T06:21:14.548-0500,117,1,781
06:21:15.548,1775215275.548,2026-04-03T06:21:15.548-0500,117,1,782
06:21:16.548,1775215276.548,2026-04-03T06:21:16.548-0500,117,1,783
06:21:17.548,1775215277.548,2026-04-03T06:21:17.548-0500,116,1,784
06:21:18.548,1775215278.548,2026-04-03T06:21:18.548-0500,116,1,785
06:21:19.548,1775215279.548,2026-04-03T06:21:19.548-0500,116,1,786
06:21:20.548,1775215280.548,2026-04-03T06:21:20.548-0500,116,1,787
06:21:21.548,1775215281.548,2026-04-03T06:21:21.548-0500,116,1,788
06:21:22.548,1775215282.548,2026-04-03T06:21:22.548-0500,116,1,789
06:21:23.548,1775215283.548,2026-04-03T06:21:23.548-0500,116,1,790
06:21:24.548,1775215284.548,2026-04-03T06:21:24.548-0500,115,1,791
06:21:25.548,1775215285.548,2026-04-03T06:21:25.548-0500,115,1,792
06:21:26.548,1775215286.548,2026-04-03T06:21:26.548-0500,115,1,793
06:21:27.548,1775215287.548,2026-04-03T06:21:27.548-0500,116,1,794
06:21:28.548,1775215288.548,2026-04-03T06:21:28.548-0500,116,1,795
06:21:29.548,1775215289.548,2026-04-03T06:21:29.548-0500,117,1,796
06:21:30.548,1775215290.548,2026-04-03T06:21:30.548-0500,117,1,797
06:21:31.548,1775215291.548,2026-04-03T06:21:31.548-0500,117,1,798
06:21:32.548,1775215292.548,2026-04-03T06:21:32.548-0500,118,1,799
06:21:33.548,1775215293.548,2026-04-03T06:21:33.548-0500,118,1,800
06:21:34.548,1775215294.548,2026-04-03T06:21:34.548-0500,118,1,801
06:21:35.548,1775215295.548,2026-04-03T06:21:35.548-0500,119,1,802
06:21:36.548,1775215296.548,2026-04-03T06:21:36.548-0500,119,1,803
06:21:37.548,1775215297.548,2026-04-03T06:21:37.548-0500,120,1,804
06:21:38.548,1775215298.548,2026-04-03T06:21:38.548-0500,120,1,805
06:21:39.548,1775215299.548,2026-04-03T06:21:39.548-0500,121,1,806
06:21:40.548,1775215300.548,2026-04-03T06:21:40.548-0500,121,1,807
06:21:41.548,1775215301.548,2026-04-03T06:21:41.548-0500,121,1,808
06:21:42.548,1775215302.548,2026-04-03T06:21:42.548-0500,121,1,809
06:21:43.548,1775215303.548,2026-04-03T06:21:43.548-0500,121,1,810
06:21:44.548,1775215304.548,2026-04-03T06:21:44.548-0500,122,1,811
06:21:45.548,1775215305.548,2026-04-03T06:21:45.548-0500,122,1,812
06:21:46.548,1775215306.548,2026-04-03T06:21:46.548-0500,122,1,813
06:21:47.548,1775215307.548,2026-04-03T06:21:47.548-0500,122,1,814
06:21:48.548,1775215308.548,2026-04-03T06:21:48.548-0500,121,1,815
06:21:49.548,1775215309.548,2026-04-03T06:21:49.548-0500,121,1,816
06:21:50.548,1775215310.548,2026-04-03T06:21:50.548-0500,120,1,817
06:21:51.548,1775215311.548,2026-04-03T06:21:51.548-0500,120,1,818
06:21:52.548,1775215312.548,2026-04-03T06:21:52.548-0500,120,1,819
06:21:53.548,1775215313.548,2026-04-03T06:21:53.548-0500,120,1,820
06:21:54.548,1775215314.548,2026-04-03T06:21:54.548-0500,120,1,821
06:21:55.548,1775215315.548,2026-04-03T06:21:55.548-0500,120,1,822
06:21:56.548,1775215316.548,2026-04-03T06:21:56.548-0500,120,1,823
06:21:57.548,1775215317.548,2026-04-03T06:21:57.548-0500,120,1,824
06:21:58.548,1775215318.548,2026-04-03T06:21:58.548-0500,120,1,825
06:21:59.548,1775215319.548,2026-04-03T06:21:59.548-0500,120,1,826
06:22:00.548,1775215320.548,2026-04-03T06:22:00.548-0500,120,1,827
06:22:01.548,1775215321.548,2026-04-03T06:22:01.548-0500,119,1,828
06:22:02.548,1775215322.548,2026-04-03T06:22:02.548-0500,119,1,829
06:22:03.548,1775215323.548,2026-04-03T06:22:03.548-0500,118,1,830
06:22:04.548,1775215324.548,2026-04-03T06:22:04.548-0500,118,1,831
06:22:05.548,1775215325.548,2026-04-03T06:22:05.548-0500,117,1,832
06:22:06.548,1775215326.548,2026-04-03T06:22:06.548-0500,116,1,833
06:22:07.548,1775215327.548,2026-04-03T06:22:07.548-0500,116,1,834
06:22:08.548,1775215328.548,2026-04-03T06:22:08.548-0500,115,1,835
06:22:09.548,1775215329.548,2026-04-03T06:22:09.548-0500,114,1,836
06:22:10.548,1775215330.548,2026-04-03T06:22:10.548-0500,114,1,837
06:22:11.548,1775215331.548,2026-04-03T06:22:11.548-0500,114,1,838
06:22:12.548,1775215332.548,2026-04-03T06:22:12.548-0500,115,1,839
06:22:13.548,1775215333.548,2026-04-03T06:22:13.548-0500,115,1,840
06:22:14.548,1775215334.548,2026-04-03T06:22:14.548-0500,115,1,841
06:22:15.548,1775215335.548,2026-04-03T06:22:15.548-0500,116,1,842
06:22:16.548,1775215336.548,2026-04-03T06:22:16.548-0500,116,1,843
06:22:17.548,1775215337.548,2026-04-03T06:22:17.548-0500,116,1,844
06:22:18.548,1775215338.548,2026-04-03T06:22:18.548-0500,116,1,845
06:22:19.548,1775215339.548,2026-04-03T06:22:19.548-0500,116,1,846
06:22:20.548,1775215340.548,2026-04-03T06:22:20.548-0500,116,1,847
06:22:21.548,1775215341.548,2026-04-03T06:22:21.548-0500,116,1,848
06:22:22.548,1775215342.548,2026-04-03T06:22:22.548-0500,116,1,849
06:22:23.548,1775215343.548,2026-04-03T06:22:23.548-0500,116,1,850
06:22:24.548,1775215344.548,2026-04-03T06:22:24.548-0500,117,1,851
06:22:25.548,1775215345.548,2026-04-03T06:22:25.548-0500,117,1,852
06:22:26.548,1775215346.548,2026-04-03T06:22:26.548-0500,118,1,853
06:22:27.548,1775215347.548,2026-04-03T06:22:27.548-0500,118,1,854
06:22:28.548,1775215348.548,2026-04-03T06:22:28.548-0500,118,1,855
06:22:29.548,1775215349.548,2026-04-03T06:22:29.548-0500,118,1,856
06:22:30.548,1775215350.548,2026-04-03T06:22:30.548-0500,118,1,857
06:22:31.548,1775215351.548,2026-04-03T06:22:31.548-0500,118,1,858
06:22:32.548,1775215352.548,2026-04-03T06:22:32.548-0500,118,1,859
06:22:33.548,1775215353.548,2026-04-03T06:22:33.548-0500,117,1,860
06:22:34.548,1775215354.548,2026-04-03T06:22:34.548-0500,117,1,861
06:22:35.548,1775215355.548,2026-04-03T06:22:35.548-0500,116,1,862
06:22:36.548,1775215356.548,2026-04-03T06:22:36.548-0500,116,1,863
06:22:37.548,1775215357.548,2026-04-03T06:22:37.548-0500,116,1,864
06:22:38.548,1775215358.548,2026-04-03T06:22:38.548-0500,117,1,865
06:22:39.548,1775215359.548,2026-04-03T06:22:39.548-0500,117,1,866
06:22:40.548,1775215360.548,2026-04-03T06:22:40.548-0500,117,1,867
06:22:41.548,1775215361.548,2026-04-03T06:22:41.548-0500,116,1,868
06:22:42.548,1775215362.548,2026-04-03T06:22:42.548-0500,115,1,869
06:22:43.548,1775215363.548,2026-04-03T06:22:43.548-0500,115,1,870
06:22:44.548,1775215364.548,2026-04-03T06:22:44.548-0500,114,1,871
06:22:45.548,1775215365.548,2026-04-03T06:22:45.548-0500,113,1,872
06:22:46.548,1775215366.548,2026-04-03T06:22:46.548-0500,113,1,873
06:22:47.548,1775215367.548,2026-04-03T06:22:47.548-0500,112,1,874
06:22:48.548,1775215368.548,2026-04-03T06:22:48.548-0500,112,1,875
06:22:49.548,1775215369.548,2026-04-03T06:22:49.548-0500,111,1,876
06:22:50.548,1775215370.548,2026-04-03T06:22:50.548-0500,111,1,877
06:22:51.548,1775215371.548,2026-04-03T06:22:51.548-0500,110,1,878
06:22:52.548,1775215372.548,2026-04-03T06:22:52.548-0500,110,1,879
06:22:53.548,1775215373.548,2026-04-03T06:22:53.548-0500,109,1,880
06:22:54.548,1775215374.548,2026-04-03T06:22:54.548-0500,109,1,881
06:22:55.548,1775215375.548,2026-04-03T06:22:55.548-0500,109,1,882
06:22:56.548,1775215376.548,2026-04-03T06:22:56.548-0500,109,1,883
06:22:57.548,1775215377.548,2026-04-03T06:22:57.548-0500,108,1,884
06:22:58.548,1775215378.548,2026-04-03T06:22:58.548-0500,108,1,885
06:22:59.548,1775215379.548,2026-04-03T06:22:59.548-0500,107,1,886
06:23:00.548,1775215380.548,2026-04-03T06:23:00.548-0500,107,1,887
06:23:01.548,1775215381.548,2026-04-03T06:23:01.548-0500,106,1,888
06:23:02.548,1775215382.548,2026-04-03T06:23:02.548-0500,105,1,889
06:23:03.548,1775215383.548,2026-04-03T06:23:03.548-0500,105,1,890
06:23:04.548,1775215384.548,2026-04-03T06:23:04.548-0500,104,1,891
06:23:05.548,1775215385.548,2026-04-03T06:23:05.548-0500,105,1,892
06:23:06.548,1775215386.548,2026-04-03T06:23:06.548-0500,105,1,893
06:23:07.548,1775215387.548,2026-04-03T06:23:07.548-0500,105,1,894
06:23:08.548,1775215388.548,2026-04-03T06:23:08.548-0500,105,1,895
06:23:09.548,1775215389.548,2026-04-03T06:23:09.548-0500,105,1,896
06:23:10.548,1775215390.548,2026-04-03T06:23:10.548-0500,106,1,897
06:23:11.548,1775215391.548,2026-04-03T06:23:11.548-0500,106,1,898
06:23:12.548,1775215392.548,2026-04-03T06:23:12.548-0500,106,1,899
06:23:13.548,1775215393.548,2026-04-03T06:23:13.548-0500,106,1,900
06:23:14.548,1775215394.548,2026-04-03T06:23:14.548-0500,106,1,901
06:23:15.548,1775215395.548,2026-04-03T06:23:15.548-0500,106,1,902
06:23:16.548,1775215396.548,2026-04-03T06:23:16.548-0500,105,1,903
06:23:17.548,1775215397.548,2026-04-03T06:23:17.548-0500,105,1,904
06:23:18.548,1775215398.548,2026-04-03T06:23:18.548-0500,104,1,905
06:23:19.548,1775215399.548,2026-04-03T06:23:19.548-0500,104,1,906
06:23:20.548,1775215400.548,2026-04-03T06:23:20.548-0500,104,1,907
06:23:21.548,1775215401.548,2026-04-03T06:23:21.548-0500,104,1,908
06:23:22.548,1775215402.548,2026-04-03T06:23:22.548-0500,103,1,909
06:23:23.548,1775215403.548,2026-04-03T06:23:23.548-0500,103,1,910
06:23:24.548,1775215404.548,2026-04-03T06:23:24.548-0500,103,1,911
06:23:25.548,1775215405.548,2026-04-03T06:23:25.548-0500,103,1,912
06:23:26.548,1775215406.548,2026-04-03T06:23:26.548-0500,103,1,913
06:23:27.548,1775215407.548,2026-04-03T06:23:27.548-0500,102,1,914
06:23:28.548,1775215408.548,2026-04-03T06:23:28.548-0500,102,1,915
06:23:29.548,1775215409.548,2026-04-03T06:23:29.548-0500,102,1,916
06:23:30.548,1775215410.548,2026-04-03T06:23:30.548-0500,102,1,917
06:23:31.548,1775215411.548,2026-04-03T06:23:31.548-0500,102,1,918
06:23:32.548,1775215412.548,2026-04-03T06:23:32.548-0500,102,1,919
06:23:33.548,1775215413.548,2026-04-03T06:23:33.548-0500,102,1,920
06:23:34.548,1775215414.548,2026-04-03T06:23:34.548-0500,102,1,921
06:23:35.548,1775215415.548,2026-04-03T06:23:35.548-0500,101,1,922
06:23:36.548,1775215416.548,2026-04-03T06:23:36.548-0500,101,1,923
06:23:37.548,1775215417.548,2026-04-03T06:23:37.548-0500,101,1,924
06:23:38.548,1775215418.548,2026-04-03T06:23:38.548-0500,101,1,925
06:23:39.548,1775215419.548,2026-04-03T06:23:39.548-0500,101,1,926
06:23:40.548,1775215420.548,2026-04-03T06:23:40.548-0500,101,1,927
06:23:41.548,1775215421.548,2026-04-03T06:23:41.548-0500,101,1,928
06:23:42.548,1775215422.548,2026-04-03T06:23:42.548-0500,101,1,929
06:23:43.548,1775215423.548,2026-04-03T06:23:43.548-0500,101,1,930
06:23:44.548,1775215424.548,2026-04-03T06:23:44.548-0500,101,1,931
06:23:45.548,1775215425.548,2026-04-03T06:23:45.548-0500,101,1,932
06:23:46.548,1775215426.548,2026-04-03T06:23:46.548-0500,101,1,933
06:23:47.548,1775215427.548,2026-04-03T06:23:47.548-0500,100,1,934
06:23:48.548,1775215428.548,2026-04-03T06:23:48.548-0500,100,1,935
06:23:49.548,1775215429.548,2026-04-03T06:23:49.548-0500,100,1,936
06:23:50.548,1775215430.548,2026-04-03T06:23:50.548-0500,99,1,937
06:23:51.548,1775215431.548,2026-04-03T06:23:51.548-0500,99,1,938
06:23:52.548,1775215432.548,2026-04-03T06:23:52.548-0500,99,1,939
06:23:53.548,1775215433.548,2026-04-03T06:23:53.548-0500,98,1,940
06:23:54.548,1775215434.548,2026-04-03T06:23:54.548-0500,98,1,941
06:23:55.548,1775215435.548,2026-04-03T06:23:55.548-0500,99,1,942
06:23:56.548,1775215436.548,2026-04-03T06:23:56.548-0500,99,1,943
06:23:57.548,1775215437.548,2026-04-03T06:23:57.548-0500,99,1,944
06:23:58.548,1775215438.548,2026-04-03T06:23:58.548-0500,99,1,945
06:23:59.548,1775215439.548,2026-04-03T06:23:59.548-0500,99,1,946
06:24:00.548,1775215440.548,2026-04-03T06:24:00.548-0500,99,1,947
06:24:01.548,1775215441.548,2026-04-03T06:24:01.548-0500,99,1,948
06:24:02.548,1775215442.548,2026-04-03T06:24:02.548-0500,99,1,949
06:24:03.548,1775215443.548,2026-04-03T06:24:03.548-0500,99,1,950
06:24:04.548,1775215444.548,2026-04-03T06:24:04.548-0500,99,1,951
06:24:05.548,1775215445.548,2026-04-03T06:24:05.548-0500,99,1,952
06:24:06.548,1775215446.548,2026-04-03T06:24:06.548-0500,99,1,953
06:24:07.548,1775215447.548,2026-04-03T06:24:07.548-0500,100,1,954
06:24:08.548,1775215448.548,2026-04-03T06:24:08.548-0500,100,1,955
06:24:09.548,1775215449.548,2026-04-03T06:24:09.548-0500,101,1,956
06:24:10.548,1775215450.548,2026-04-03T06:24:10.548-0500,101,1,957
06:24:11.548,1775215451.548,2026-04-03T06:24:11.548-0500,102,1,958
06:24:12.548,1775215452.548,2026-04-03T06:24:12.548-0500,102,1,959
06:24:13.548,1775215453.548,2026-04-03T06:24:13.548-0500,103,1,960
06:24:14.548,1775215454.548,2026-04-03T06:24:14.548-0500,103,1,961
06:24:15.548,1775215455.548,2026-04-03T06:24:15.548-0500,104,1,962
06:24:16.548,1775215456.548,2026-04-03T06:24:16.548-0500,105,1,963
06:24:17.548,1775215457.548,2026-04-03T06:24:17.548-0500,106,1,964
06:24:18.548,1775215458.548,2026-04-03T06:24:18.548-0500,107,1,965
06:24:19.548,1775215459.548,2026-04-03T06:24:19.548-0500,108,1,966
06:24:20.548,1775215460.548,2026-04-03T06:24:20.548-0500,109,1,967
06:24:21.548,1775215461.548,2026-04-03T06:24:21.548-0500,110,1,968
06:24:22.548,1775215462.548,2026-04-03T06:24:22.548-0500,111,1,969
06:24:23.548,1775215463.548,2026-04-03T06:24:23.548-0500,111,1,970
06:24:24.548,1775215464.548,2026-04-03T06:24:24.548-0500,112,1,971
06:24:25.548,1775215465.548,2026-04-03T06:24:25.548-0500,113,1,972
06:24:26.548,1775215466.548,2026-04-03T06:24:26.548-0500,114,1,973
06:24:27.548,1775215467.548,2026-04-03T06:24:27.548-0500,115,1,974
06:24:28.548,1775215468.548,2026-04-03T06:24:28.548-0500,116,1,975
06:24:29.548,1775215469.548,2026-04-03T06:24:29.548-0500,117,1,976
06:24:30.548,1775215470.548,2026-04-03T06:24:30.548-0500,118,1,977
06:24:54.548,1775215494.548,2026-04-03T06:24:54.548-0500,111,1,1001
06:24:55.548,1775215495.548,2026-04-03T06:24:55.548-0500,110,1,1002
06:24:56.548,1775215496.548,2026-04-03T06:24:56.548-0500,109,1,1003
06:24:57.548,1775215497.548,2026-04-03T06:24:57.548-0500,108,1,1004
06:24:58.548,1775215498.548,2026-04-03T06:24:58.548-0500,107,1,1005
06:24:59.548,1775215499.548,2026-04-03T06:24:59.548-0500,106,1,1006
06:25:00.548,1775215500.548,2026-04-03T06:25:00.548-0500,106,1,1007
06:25:01.548,1775215501.548,2026-04-03T06:25:01.548-0500,105,1,1008
06:25:02.548,1775215502.548,2026-04-03T06:25:02.548-0500,105,1,1009
06:25:03.548,1775215503.548,2026-04-03T06:25:03.548-0500,104,1,1010
06:25:04.548,1775215504.548,2026-04-03T06:25:04.548-0500,104,1,1011
06:25:05.548,1775215505.548,2026-04-03T06:25:05.548-0500,103,1,1012
06:25:06.548,1775215506.548,2026-04-03T06:25:06.548-0500,103,1,1013
06:25:07.548,1775215507.548,2026-04-03T06:25:07.548-0500,102,1,1014
06:25:08.548,1775215508.548,2026-04-03T06:25:08.548-0500,102,1,1015
06:25:09.548,1775215509.548,2026-04-03T06:25:09.548-0500,101,1,1016
06:25:10.548,1775215510.548,2026-04-03T06:25:10.548-0500,101,1,1017
06:25:11.548,1775215511.548,2026-04-03T06:25:11.548-0500,100,1,1018
06:25:12.548,1775215512.548,2026-04-03T06:25:12.548-0500,100,1,1019
06:25:13.548,1775215513.548,2026-04-03T06:25:13.548-0500,99,1,1020
06:25:14.548,1775215514.548,2026-04-03T06:25:14.548-0500,99,1,1021
06:25:15.548,1775215515.548,2026-04-03T06:25:15.548-0500,99,1,1022
06:25:16.548,1775215516.548,2026-04-03T06:25:16.548-0500,99,1,1023
06:25:17.548,1775215517.548,2026-04-03T06:25:17.548-0500,99,1,1024
06:25:18.548,1775215518.548,2026-04-03T06:25:18.548-0500,98,1,1025
06:25:19.548,1775215519.548,2026-04-03T06:25:19.548-0500,98,1,1026
06:25:20.548,1775215520.548,2026-04-03T06:25:20.548-0500,98,1,1027
06:25:21.548,1775215521.548,2026-04-03T06:25:21.548-0500,98,1,1028
06:25:22.548,1775215522.548,2026-04-03T06:25:22.548-0500,98,1,1029
06:25:23.548,1775215523.548,2026-04-03T06:25:23.548-0500,98,1,1030
06:25:24.548,1775215524.548,2026-04-03T06:25:24.548-0500,98,1,1031
06:25:25.548,1775215525.548,2026-04-03T06:25:25.548-0500,98,1,1032
06:25:26.548,1775215526.548,2026-04-03T06:25:26.548-0500,98,1,1033
06:25:27.548,1775215527.548,2026-04-03T06:25:27.548-0500,98,1,1034
06:25:28.548,1775215528.548,2026-04-03T06:25:28.548-0500,98,1,1035
06:25:29.548,1775215529.548,2026-04-03T06:25:29.548-0500,97,1,1036
06:25:30.548,1775215530.548,2026-04-03T06:25:30.548-0500,97,1,1037
06:25:31.548,1775215531.548,2026-04-03T06:25:31.548-0500,96,1,1038
06:25:32.548,1775215532.548,2026-04-03T06:25:32.548-0500,96,1,1039
06:25:33.548,1775215533.548,2026-04-03T06:25:33.548-0500,95,1,1040
06:25:34.548,1775215534.548,2026-04-03T06:25:34.548-0500,95,1,1041
06:25:35.548,1775215535.548,2026-04-03T06:25:35.548-0500,95,1,1042
06:25:36.548,1775215536.548,2026-04-03T06:25:36.548-0500,96,1,1043
06:25:37.548,1775215537.548,2026-04-03T06:25:37.548-0500,96,1,1044
06:25:38.548,1775215538.548,2026-04-03T06:25:38.548-0500,96,1,1045
06:25:39.548,1775215539.548,2026-04-03T06:25:39.548-0500,96,1,1046
06:25:40.548,1775215540.548,2026-04-03T06:25:40.548-0500,96,1,1047
06:25:41.548,1775215541.548,2026-04-03T06:25:41.548-0500,96,1,1048
06:25:42.548,1775215542.548,2026-04-03T06:25:42.548-0500,95,1,1049
06:25:43.548,1775215543.548,2026-04-03T06:25:43.548-0500,95,1,1050
06:25:44.548,1775215544.548,2026-04-03T06:25:44.548-0500,95,1,1051
06:25:45.548,1775215545.548,2026-04-03T06:25:45.548-0500,95,1,1052
06:25:46.548,1775215546.548,2026-04-03T06:25:46.548-0500,94,1,1053
06:25:47.548,1775215547.548,2026-04-03T06:25:47.548-0500,94,1,1054
06:25:48.548,1775215548.548,2026-04-03T06:25:48.548-0500,94,1,1055
06:25:49.548,1775215549.548,2026-04-03T06:25:49.548-0500,94,1,1056
06:25:50.548,1775215550.548,2026-04-03T06:25:50.548-0500,94,1,1057
06:25:51.548,1775215551.548,2026-04-03T06:25:51.548-0500,94,1,1058
06:25:52.548,1775215552.548,2026-04-03T06:25:52.548-0500,95,1,1059
06:25:53.548,1775215553.548,2026-04-03T06:25:53.548-0500,95,1,1060
06:25:54.548,1775215554.548,2026-04-03T06:25:54.548-0500,95,1,1061
06:25:55.548,1775215555.548,2026-04-03T06:25:55.548-0500,96,1,1062
06:25:56.548,1775215556.548,2026-04-03T06:25:56.548-0500,96,1,1063
06:25:57.548,1775215557.548,2026-04-03T06:25:57.548-0500,96,1,1064
06:25:58.548,1775215558.548,2026-04-03T06:25:58.548-0500,97,1,1065
06:25:59.548,1775215559.548,2026-04-03T06:25:59.548-0500,97,1,1066
06:26:00.548,1775215560.548,2026-04-03T06:26:00.548-0500,98,1,1067
06:26:01.548,1775215561.548,2026-04-03T06:26:01.548-0500,98,1,1068
06:26:02.548,1775215562.548,2026-04-03T06:26:02.548-0500,99,1,1069
06:26:03.548,1775215563.548,2026-04-03T06:26:03.548-0500,99,1,1070
06:26:04.548,1775215564.548,2026-04-03T06:26:04.548-0500,100,1,1071
06:26:05.548,1775215565.548,2026-04-03T06:26:05.548-0500,100,1,1072
06:26:06.548,1775215566.548,2026-04-03T06:26:06.548-0500,101,1,1073
06:26:07.548,1775215567.548,2026-04-03T06:26:07.548-0500,102,1,1074
06:26:08.548,1775215568.548,2026-04-03T06:26:08.548-0500,103,1,1075
06:26:09.548,1775215569.548,2026-04-03T06:26:09.548-0500,104,1,1076
06:26:10.548,1775215570.548,2026-04-03T06:26:10.548-0500,105,1,1077
06:26:11.548,1775215571.548,2026-04-03T06:26:11.548-0500,106,1,1078
06:26:12.548,1775215572.548,2026-04-03T06:26:12.548-0500,107,1,1079
06:26:13.548,1775215573.548,2026-04-03T06:26:13.548-0500,107,1,1080
06:26:14.548,1775215574.548,2026-04-03T06:26:14.548-0500,108,1,1081
06:26:15.548,1775215575.548,2026-04-03T06:26:15.548-0500,109,1,1082
06:26:16.548,1775215576.548,2026-04-03T06:26:16.548-0500,110,1,1083
06:26:17.548,1775215577.548,2026-04-03T06:26:17.548-0500,110,1,1084
06:26:18.548,1775215578.548,2026-04-03T06:26:18.548-0500,111,1,1085
06:26:19.548,1775215579.548,2026-04-03T06:26:19.548-0500,112,1,1086
06:26:20.548,1775215580.548,2026-04-03T06:26:20.548-0500,111,1,1087
06:26:21.548,1775215581.548,2026-04-03T06:26:21.548-0500,110,1,1088
06:26:22.548,1775215582.548,2026-04-03T06:26:22.548-0500,108,1,1089
06:26:23.548,1775215583.548,2026-04-03T06:26:23.548-0500,107,1,1090
06:26:24.548,1775215584.548,2026-04-03T06:26:24.548-0500,107,1,1091
06:26:25.548,1775215585.548,2026-04-03T06:26:25.548-0500,107,1,1092
06:26:26.548,1775215586.548,2026-04-03T06:26:26.548-0500,107,1,1093
06:26:27.548,1775215587.548,2026-04-03T06:26:27.548-0500,107,1,1094
06:26:28.548,1775215588.548,2026-04-03T06:26:28.548-0500,106,1,1095
06:26:29.548,1775215589.548,2026-04-03T06:26:29.548-0500,106,1,1096
06:26:30.548,1775215590.548,2026-04-03T06:26:30.548-0500,105,1,1097
06:26:31.548,1775215591.548,2026-04-03T06:26:31.548-0500,104,1,1098
06:26:32.548,1775215592.548,2026-04-03T06:26:32.548-0500,102,1,1099
06:26:33.548,1775215593.548,2026-04-03T06:26:33.548-0500,101,1,1100
06:26:34.548,1775215594.548,2026-04-03T06:26:34.548-0500,99,1,1101
06:26:35.548,1775215595.548,2026-04-03T06:26:35.548-0500,98,1,1102
06:26:36.548,1775215596.548,2026-04-03T06:26:36.548-0500,96,1,1103
06:26:37.548,1775215597.548,2026-04-03T06:26:37.548-0500,96,1,1104
06:26:38.548,1775215598.548,2026-04-03T06:26:38.548-0500,96,1,1105
06:26:39.548,1775215599.548,2026-04-03T06:26:39.548-0500,95,1,1106
06:26:40.548,1775215600.548,2026-04-03T06:26:40.548-0500,95,1,1107
06:26:41.548,1775215601.548,2026-04-03T06:26:41.548-0500,95,1,1108
06:26:42.548,1775215602.548,2026-04-03T06:26:42.548-0500,95,1,1109
06:26:43.548,1775215603.548,2026-04-03T06:26:43.548-0500,94,1,1110
06:26:44.548,1775215604.548,2026-04-03T06:26:44.548-0500,94,1,1111
06:26:45.548,1775215605.548,2026-04-03T06:26:45.548-0500,95,1,1112
06:26:46.548,1775215606.548,2026-04-03T06:26:46.548-0500,95,1,1113
06:26:47.548,1775215607.548,2026-04-03T06:26:47.548-0500,96,1,1114
06:26:48.548,1775215608.548,2026-04-03T06:26:48.548-0500,96,1,1115
06:26:49.548,1775215609.548,2026-04-03T06:26:49.548-0500,96,1,1116
06:26:50.548,1775215610.548,2026-04-03T06:26:50.548-0500,97,1,1117
06:26:51.548,1775215611.548,2026-04-03T06:26:51.548-0500,97,1,1118
06:26:52.548,1775215612.548,2026-04-03T06:26:52.548-0500,98,1,1119
06:26:53.548,1775215613.548,2026-04-03T06:26:53.548-0500,98,1,1120
06:26:54.548,1775215614.548,2026-04-03T06:26:54.548-0500,98,1,1121
06:26:55.548,1775215615.548,2026-04-03T06:26:55.548-0500,97,1,1122
06:26:56.548,1775215616.548,2026-04-03T06:26:56.548-0500,97,1,1123
06:26:57.548,1775215617.548,2026-04-03T06:26:57.548-0500,96,1,1124
06:26:58.548,1775215618.548,2026-04-03T06:26:58.548-0500,96,1,1125
06:26:59.548,1775215619.548,2026-04-03T06:26:59.548-0500,95,1,1126
06:27:00.548,1775215620.548,2026-04-03T06:27:00.548-0500,95,1,1127
06:27:01.548,1775215621.548,2026-04-03T06:27:01.548-0500,95,1,1128
06:27:02.548,1775215622.548,2026-04-03T06:27:02.548-0500,95,1,1129
06:27:03.548,1775215623.548,2026-04-03T06:27:03.548-0500,95,1,1130
06:27:04.548,1775215624.548,2026-04-03T06:27:04.548-0500,95,1,1131
06:27:05.548,1775215625.548,2026-04-03T06:27:05.548-0500,95,1,1132
06:27:06.548,1775215626.548,2026-04-03T06:27:06.548-0500,95,1,1133
06:27:07.548,1775215627.548,2026-04-03T06:27:07.548-0500,95,1,1134
06:27:08.548,1775215628.548,2026-04-03T06:27:08.548-0500,95,1,1135
06:27:09.548,1775215629.548,2026-04-03T06:27:09.548-0500,95,1,1136
06:27:10.548,1775215630.548,2026-04-03T06:27:10.548-0500,95,1,1137
06:27:11.548,1775215631.548,2026-04-03T06:27:11.548-0500,95,1,1138
06:27:12.548,1775215632.548,2026-04-03T06:27:12.548-0500,95,1,1139
06:27:13.548,1775215633.548,2026-04-03T06:27:13.548-0500,95,1,1140
06:27:14.548,1775215634.548,2026-04-03T06:27:14.548-0500,95,1,1141
06:27:15.548,1775215635.548,2026-04-03T06:27:15.548-0500,95,1,1142
06:27:16.548,1775215636.548,2026-04-03T06:27:16.548-0500,96,1,1143
06:27:17.548,1775215637.548,2026-04-03T06:27:17.548-0500,96,1,1144
06:27:18.548,1775215638.548,2026-04-03T06:27:18.548-0500,96,1,1145
06:27:19.548,1775215639.548,2026-04-03T06:27:19.548-0500,96,1,1146
06:27:20.548,1775215640.548,2026-04-03T06:27:20.548-0500,96,1,1147
06:27:21.548,1775215641.548,2026-04-03T06:27:21.548-0500,96,1,1148
06:27:22.548,1775215642.548,2026-04-03T06:27:22.548-0500,96,1,1149
06:27:23.548,1775215643.548,2026-04-03T06:27:23.548-0500,96,1,1150
06:27:24.548,1775215644.548,2026-04-03T06:27:24.548-0500,96,1,1151
06:27:25.548,1775215645.548,2026-04-03T06:27:25.548-0500,95,1,1152
06:27:26.548,1775215646.548,2026-04-03T06:27:26.548-0500,95,1,1153
06:27:27.548,1775215647.548,2026-04-03T06:27:27.548-0500,95,1,1154
06:27:28.548,1775215648.548,2026-04-03T06:27:28.548-0500,95,1,1155
06:27:29.548,1775215649.548,2026-04-03T06:27:29.548-0500,95,1,1156
06:27:30.548,1775215650.548,2026-04-03T06:27:30.548-0500,95,1,1157
06:27:31.548,1775215651.548,2026-04-03T06:27:31.548-0500,94,1,1158
06:27:32.548,1775215652.548,2026-04-03T06:27:32.548-0500,94,1,1159
06:27:33.548,1775215653.548,2026-04-03T06:27:33.548-0500,94,1,1160
06:27:34.548,1775215654.548,2026-04-03T06:27:34.548-0500,93,1,1161
06:27:35.548,1775215655.548,2026-04-03T06:27:35.548-0500,93,1,1162
06:27:36.548,1775215656.548,2026-04-03T06:27:36.548-0500,93,1,1163
06:27:37.548,1775215657.548,2026-04-03T06:27:37.548-0500,93,1,1164
06:27:38.548,1775215658.548,2026-04-03T06:27:38.548-0500,93,1,1165
06:27:39.548,1775215659.548,2026-04-03T06:27:39.548-0500,93,1,1166
06:27:40.548,1775215660.548,2026-04-03T06:27:40.548-0500,93,1,1167
06:27:41.548,1775215661.548,2026-04-03T06:27:41.548-0500,93,1,1168
06:27:42.548,1775215662.548,2026-04-03T06:27:42.548-0500,93,1,1169
06:27:43.548,1775215663.548,2026-04-03T06:27:43.548-0500,93,1,1170
06:27:44.548,1775215664.548,2026-04-03T06:27:44.548-0500,93,1,1171
06:27:45.548,1775215665.548,2026-04-03T06:27:45.548-0500,93,1,1172
06:27:46.548,1775215666.548,2026-04-03T06:27:46.548-0500,93,1,1173
06:27:47.548,1775215667.548,2026-04-03T06:27:47.548-0500,93,1,1174
06:27:48.548,1775215668.548,2026-04-03T06:27:48.548-0500,93,1,1175
06:27:49.548,1775215669.548,2026-04-03T06:27:49.548-0500,93,1,1176
06:27:50.548,1775215670.548,2026-04-03T06:27:50.548-0500,93,1,1177
06:27:51.548,1775215671.548,2026-04-03T06:27:51.548-0500,93,1,1178
06:27:52.548,1775215672.548,2026-04-03T06:27:52.548-0500,93,1,1179
06:27:53.548,1775215673.548,2026-04-03T06:27:53.548-0500,93,1,1180
06:27:54.548,1775215674.548,2026-04-03T06:27:54.548-0500,93,1,1181
06:27:55.548,1775215675.548,2026-04-03T06:27:55.548-0500,93,1,1182
06:27:56.548,1775215676.548,2026-04-03T06:27:56.548-0500,93,1,1183
06:27:57.548,1775215677.548,2026-04-03T06:27:57.548-0500,93,1,1184
06:27:58.548,1775215678.548,2026-04-03T06:27:58.548-0500,93,1,1185
06:27:59.548,1775215679.548,2026-04-03T06:27:59.548-0500,93,1,1186
06:28:00.548,1775215680.548,2026-04-03T06:28:00.548-0500,93,1,1187
06:28:01.548,1775215681.548,2026-04-03T06:28:01.548-0500,93,1,1188
06:28:02.548,1775215682.548,2026-04-03T06:28:02.548-0500,93,1,1189
06:28:03.548,1775215683.548,2026-04-03T06:28:03.548-0500,93,1,1190
06:28:04.548,1775215684.548,2026-04-03T06:28:04.548-0500,93,1,1191
06:28:05.548,1775215685.548,2026-04-03T06:28:05.548-0500,93,1,1192
06:28:06.548,1775215686.548,2026-04-03T06:28:06.548-0500,93,1,1193
06:28:07.548,1775215687.548,2026-04-03T06:28:07.548-0500,93,1,1194
06:28:08.548,1775215688.548,2026-04-03T06:28:08.548-0500,93,1,1195
06:28:09.548,1775215689.548,2026-04-03T06:28:09.548-0500,93,1,1196
06:28:10.548,1775215690.548,2026-04-03T06:28:10.548-0500,93,1,1197
06:28:11.548,1775215691.548,2026-04-03T06:28:11.548-0500,93,1,1198
06:28:12.548,1775215692.548,2026-04-03T06:28:12.548-0500,93,1,1199
06:28:13.548,1775215693.548,2026-04-03T06:28:13.548-0500,93,1,1200
06:28:14.548,1775215694.548,2026-04-03T06:28:14.548-0500,93,1,1201
06:28:15.548,1775215695.548,2026-04-03T06:28:15.548-0500,93,1,1202
06:28:16.548,1775215696.548,2026-04-03T06:28:16.548-0500,93,1,1203
06:28:17.548,1775215697.548,2026-04-03T06:28:17.548-0500,93,1,1204
06:28:18.548,1775215698.548,2026-04-03T06:28:18.548-0500,93,1,1205
06:28:19.548,1775215699.548,2026-04-03T06:28:19.548-0500,93,1,1206
06:28:20.548,1775215700.548,2026-04-03T06:28:20.548-0500,93,1,1207
06:28:21.548,1775215701.548,2026-04-03T06:28:21.548-0500,93,1,1208
06:28:22.548,1775215702.548,2026-04-03T06:28:22.548-0500,93,1,1209
06:28:23.548,1775215703.548,2026-04-03T06:28:23.548-0500,93,1,1210
06:28:24.548,1775215704.548,2026-04-03T06:28:24.548-0500,93,1,1211
06:28:25.548,1775215705.548,2026-04-03T06:28:25.548-0500,93,1,1212
06:28:26.548,1775215706.548,2026-04-03T06:28:26.548-0500,93,1,1213
06:28:27.548,1775215707.548,2026-04-03T06:28:27.548-0500,93,1,1214
06:28:28.548,1775215708.548,2026-04-03T06:28:28.548-0500,93,1,1215
06:28:29.548,1775215709.548,2026-04-03T06:28:29.548-0500,92,1,1216
06:28:30.548,1775215710.548,2026-04-03T06:28:30.548-0500,92,1,1217
06:28:31.548,1775215711.548,2026-04-03T06:28:31.548-0500,92,1,1218
06:28:32.548,1775215712.548,2026-04-03T06:28:32.548-0500,92,1,1219
06:28:33.548,1775215713.548,2026-04-03T06:28:33.548-0500,91,1,1220
06:28:34.548,1775215714.548,2026-04-03T06:28:34.548-0500,91,1,1221
06:28:35.548,1775215715.548,2026-04-03T06:28:35.548-0500,92,1,1222
06:28:36.548,1775215716.548,2026-04-03T06:28:36.548-0500,92,1,1223
06:28:37.548,1775215717.548,2026-04-03T06:28:37.548-0500,93,1,1224
06:28:38.548,1775215718.548,2026-04-03T06:28:38.548-0500,93,1,1225
06:28:39.548,1775215719.548,2026-04-03T06:28:39.548-0500,94,1,1226
06:28:40.548,1775215720.548,2026-04-03T06:28:40.548-0500,94,1,1227
06:28:41.548,1775215721.548,2026-04-03T06:28:41.548-0500,94,1,1228
06:28:42.548,1775215722.548,2026-04-03T06:28:42.548-0500,94,1,1229
06:28:43.548,1775215723.548,2026-04-03T06:28:43.548-0500,93,1,1230
06:28:44.548,1775215724.548,2026-04-03T06:28:44.548-0500,93,1,1231
06:28:45.548,1775215725.548,2026-04-03T06:28:45.548-0500,93,1,1232
06:28:46.548,1775215726.548,2026-04-03T06:28:46.548-0500,94,1,1233
06:28:47.548,1775215727.548,2026-04-03T06:28:47.548-0500,95,1,1234
06:28:48.548,1775215728.548,2026-04-03T06:28:48.548-0500,95,1,1235
06:28:49.548,1775215729.548,2026-04-03T06:28:49.548-0500,96,1,1236
06:28:50.548,1775215730.548,2026-04-03T06:28:50.548-0500,97,1,1237
06:28:51.548,1775215731.548,2026-04-03T06:28:51.548-0500,98,1,1238
06:28:52.548,1775215732.548,2026-04-03T06:28:52.548-0500,99,1,1239
06:28:53.548,1775215733.548,2026-04-03T06:28:53.548-0500,101,1,1240
06:28:54.548,1775215734.548,2026-04-03T06:28:54.548-0500,102,1,1241
06:28:55.548,1775215735.548,2026-04-03T06:28:55.548-0500,103,1,1242
06:28:56.548,1775215736.548,2026-04-03T06:28:56.548-0500,104,1,1243
06:28:57.548,1775215737.548,2026-04-03T06:28:57.548-0500,105,1,1244
06:28:58.548,1775215738.548,2026-04-03T06:28:58.548-0500,105,1,1245
06:28:59.548,1775215739.548,2026-04-03T06:28:59.548-0500,106,1,1246
06:29:00.548,1775215740.548,2026-04-03T06:29:00.548-0500,107,1,1247
06:29:01.548,1775215741.548,2026-04-03T06:29:01.548-0500,106,1,1248
06:29:02.548,1775215742.548,2026-04-03T06:29:02.548-0500,106,1,1249
06:29:03.548,1775215743.548,2026-04-03T06:29:03.548-0500,105,1,1250
06:29:04.548,1775215744.548,2026-04-03T06:29:04.548-0500,104,1,1251
06:29:05.548,1775215745.548,2026-04-03T06:29:05.548-0500,104,1,1252
06:29:06.548,1775215746.548,2026-04-03T06:29:06.548-0500,103,1,1253
06:29:07.548,1775215747.548,2026-04-03T06:29:07.548-0500,102,1,1254
06:29:08.548,1775215748.548,2026-04-03T06:29:08.548-0500,102,1,1255
06:29:09.548,1775215749.548,2026-04-03T06:29:09.548-0500,101,1,1256
06:29:10.548,1775215750.548,2026-04-03T06:29:10.548-0500,101,1,1257
06:29:11.548,1775215751.548,2026-04-03T06:29:11.548-0500,101,1,1258
06:29:12.548,1775215752.548,2026-04-03T06:29:12.548-0500,101,1,1259
06:29:13.548,1775215753.548,2026-04-03T06:29:13.548-0500,101,1,1260
06:29:14.548,1775215754.548,2026-04-03T06:29:14.548-0500,102,1,1261
06:29:15.548,1775215755.548,2026-04-03T06:29:15.548-0500,102,1,1262
06:29:16.548,1775215756.548,2026-04-03T06:29:16.548-0500,103,1,1263
06:29:17.548,1775215757.548,2026-04-03T06:29:17.548-0500,104,1,1264
06:29:18.548,1775215758.548,2026-04-03T06:29:18.548-0500,105,1,1265
06:29:19.548,1775215759.548,2026-04-03T06:29:19.548-0500,106,1,1266
06:29:20.548,1775215760.548,2026-04-03T06:29:20.548-0500,107,1,1267
06:29:21.548,1775215761.548,2026-04-03T06:29:21.548-0500,107,1,1268
06:29:22.548,1775215762.548,2026-04-03T06:29:22.548-0500,107,1,1269
06:29:23.548,1775215763.548,2026-04-03T06:29:23.548-0500,107,1,1270
06:29:24.548,1775215764.548,2026-04-03T06:29:24.548-0500,107,1,1271
06:29:25.548,1775215765.548,2026-04-03T06:29:25.548-0500,108,1,1272
06:29:26.548,1775215766.548,2026-04-03T06:29:26.548-0500,108,1,1273
06:29:27.548,1775215767.548,2026-04-03T06:29:27.548-0500,108,1,1274
06:29:28.548,1775215768.548,2026-04-03T06:29:28.548-0500,108,1,1275
06:29:29.548,1775215769.548,2026-04-03T06:29:29.548-0500,108,1,1276
06:29:30.548,1775215770.548,2026-04-03T06:29:30.548-0500,108,1,1277
06:29:31.548,1775215771.548,2026-04-03T06:29:31.548-0500,107,1,1278
06:29:32.548,1775215772.548,2026-04-03T06:29:32.548-0500,107,1,1279
06:29:33.548,1775215773.548,2026-04-03T06:29:33.548-0500,106,1,1280
06:29:34.548,1775215774.548,2026-04-03T06:29:34.548-0500,106,1,1281
06:29:35.548,1775215775.548,2026-04-03T06:29:35.548-0500,106,1,1282
06:29:36.548,1775215776.548,2026-04-03T06:29:36.548-0500,105,1,1283
06:29:37.548,1775215777.548,2026-04-03T06:29:37.548-0500,105,1,1284
06:29:38.548,1775215778.548,2026-04-03T06:29:38.548-0500,104,1,1285
06:29:39.548,1775215779.548,2026-04-03T06:29:39.548-0500,104,1,1286
06:29:40.548,1775215780.548,2026-04-03T06:29:40.548-0500,104,1,1287
06:29:41.548,1775215781.548,2026-04-03T06:29:41.548-0500,104,1,1288
06:29:42.548,1775215782.548,2026-04-03T06:29:42.548-0500,104,1,1289
06:29:43.548,1775215783.548,2026-04-03T06:29:43.548-0500,104,1,1290
06:29:44.548,1775215784.548,2026-04-03T06:29:44.548-0500,104,1,1291
06:29:45.548,1775215785.548,2026-04-03T06:29:45.548-0500,104,1,1292
06:29:46.548,1775215786.548,2026-04-03T06:29:46.548-0500,103,1,1293
06:29:47.548,1775215787.548,2026-04-03T06:29:47.548-0500,102,1,1294
06:29:48.548,1775215788.548,2026-04-03T06:29:48.548-0500,101,1,1295
06:29:49.548,1775215789.548,2026-04-03T06:29:49.548-0500,100,1,1296
06:29:50.548,1775215790.548,2026-04-03T06:29:50.548-0500,100,1,1297
06:29:51.548,1775215791.548,2026-04-03T06:29:51.548-0500,99,1,1298
06:29:52.548,1775215792.548,2026-04-03T06:29:52.548-0500,98,1,1299
06:29:53.548,1775215793.548,2026-04-03T06:29:53.548-0500,97,1,1300
06:29:54.548,1775215794.548,2026-04-03T06:29:54.548-0500,96,1,1301
06:29:55.548,1775215795.548,2026-04-03T06:29:55.548-0500,97,1,1302
06:29:56.548,1775215796.548,2026-04-03T06:29:56.548-0500,97,1,1303
06:29:57.548,1775215797.548,2026-04-03T06:29:57.548-0500,98,1,1304
06:29:58.548,1775215798.548,2026-04-03T06:29:58.548-0500,98,1,1305
06:29:59.548,1775215799.548,2026-04-03T06:29:59.548-0500,99,1,1306
06:30:00.548,1775215800.548,2026-04-03T06:30:00.548-0500,100,1,1307
06:30:01.548,1775215801.548,2026-04-03T06:30:01.548-0500,100,1,1308
06:30:02.548,1775215802.548,2026-04-03T06:30:02.548-0500,99,1,1309
06:30:03.548,1775215803.548,2026-04-03T06:30:03.548-0500,99,1,1310
06:30:04.548,1775215804.548,2026-04-03T06:30:04.548-0500,98,1,1311
06:30:05.548,1775215805.548,2026-04-03T06:30:05.548-0500,98,1,1312
06:30:06.548,1775215806.548,2026-04-03T06:30:06.548-0500,97,1,1313
06:30:07.548,1775215807.548,2026-04-03T06:30:07.548-0500,97,1,1314
06:30:08.548,1775215808.548,2026-04-03T06:30:08.548-0500,97,1,1315
06:30:09.548,1775215809.548,2026-04-03T06:30:09.548-0500,97,1,1316
06:30:10.548,1775215810.548,2026-04-03T06:30:10.548-0500,97,1,1317
06:30:11.548,1775215811.548,2026-04-03T06:30:11.548-0500,97,1,1318
06:30:12.548,1775215812.548,2026-04-03T06:30:12.548-0500,97,1,1319
06:30:13.548,1775215813.548,2026-04-03T06:30:13.548-0500,97,1,1320
06:30:14.548,1775215814.548,2026-04-03T06:30:14.548-0500,97,1,1321
06:30:15.548,1775215815.548,2026-04-03T06:30:15.548-0500,97,1,1322
06:30:16.548,1775215816.548,2026-04-03T06:30:16.548-0500,97,1,1323
06:30:17.548,1775215817.548,2026-04-03T06:30:17.548-0500,97,1,1324
06:30:18.548,1775215818.548,2026-04-03T06:30:18.548-0500,98,1,1325
06:30:19.548,1775215819.548,2026-04-03T06:30:19.548-0500,98,1,1326
06:30:20.548,1775215820.548,2026-04-03T06:30:20.548-0500,98,1,1327
06:30:21.548,1775215821.548,2026-04-03T06:30:21.548-0500,98,1,1328
06:30:22.548,1775215822.548,2026-04-03T06:30:22.548-0500,98,1,1329
06:30:23.548,1775215823.548,2026-04-03T06:30:23.548-0500,98,1,1330
06:30:24.548,1775215824.548,2026-04-03T06:30:24.548-0500,98,1,1331
06:30:25.548,1775215825.548,2026-04-03T06:30:25.548-0500,98,1,1332
06:30:26.548,1775215826.548,2026-04-03T06:30:26.548-0500,99,1,1333
06:30:27.548,1775215827.548,2026-04-03T06:30:27.548-0500,100,1,1334
06:30:28.548,1775215828.548,2026-04-03T06:30:28.548-0500,100,1,1335
06:30:29.548,1775215829.548,2026-04-03T06:30:29.548-0500,101,1,1336
06:30:30.548,1775215830.548,2026-04-03T06:30:30.548-0500,102,1,1337
06:30:31.548,1775215831.548,2026-04-03T06:30:31.548-0500,103,1,1338
06:30:32.548,1775215832.548,2026-04-03T06:30:32.548-0500,104,1,1339
06:30:33.548,1775215833.548,2026-04-03T06:30:33.548-0500,105,1,1340
06:30:34.548,1775215834.548,2026-04-03T06:30:34.548-0500,106,1,1341
06:30:35.548,1775215835.548,2026-04-03T06:30:35.548-0500,107,1,1342
06:30:36.548,1775215836.548,2026-04-03T06:30:36.548-0500,107,1,1343
06:30:37.548,1775215837.548,2026-04-03T06:30:37.548-0500,108,1,1344
06:30:38.548,1775215838.548,2026-04-03T06:30:38.548-0500,108,1,1345
06:30:39.548,1775215839.548,2026-04-03T06:30:39.548-0500,109,1,1346
06:30:40.548,1775215840.548,2026-04-03T06:30:40.548-0500,109,1,1347
06:30:41.548,1775215841.548,2026-04-03T06:30:41.548-0500,109,1,1348
06:30:42.548,1775215842.548,2026-04-03T06:30:42.548-0500,109,1,1349
06:30:43.548,1775215843.548,2026-04-03T06:30:43.548-0500,109,1,1350
06:30:44.548,1775215844.548,2026-04-03T06:30:44.548-0500,109,1,1351
06:30:45.548,1775215845.548,2026-04-03T06:30:45.548-0500,109,1,1352
06:30:46.548,1775215846.548,2026-04-03T06:30:46.548-0500,109,1,1353
06:30:47.548,1775215847.548,2026-04-03T06:30:47.548-0500,109,1,1354
06:30:48.548,1775215848.548,2026-04-03T06:30:48.548-0500,109,1,1355
06:30:49.548,1775215849.548,2026-04-03T06:30:49.548-0500,109,1,1356
06:30:50.548,1775215850.548,2026-04-03T06:30:50.548-0500,108,1,1357
06:30:51.548,1775215851.548,2026-04-03T06:30:51.548-0500,108,1,1358
06:30:52.548,1775215852.548,2026-04-03T06:30:52.548-0500,107,1,1359
06:30:53.548,1775215853.548,2026-04-03T06:30:53.548-0500,106,1,1360
06:30:54.548,1775215854.548,2026-04-03T06:30:54.548-0500,105,1,1361
06:30:55.548,1775215855.548,2026-04-03T06:30:55.548-0500,104,1,1362
06:30:56.548,1775215856.548,2026-04-03T06:30:56.548-0500,104,1,1363
06:30:57.548,1775215857.548,2026-04-03T06:30:57.548-0500,104,1,1364
06:30:58.548,1775215858.548,2026-04-03T06:30:58.548-0500,105,1,1365
06:30:59.548,1775215859.548,2026-04-03T06:30:59.548-0500,105,1,1366
06:31:00.548,1775215860.548,2026-04-03T06:31:00.548-0500,105,1,1367
06:31:01.548,1775215861.548,2026-04-03T06:31:01.548-0500,105,1,1368
06:31:02.548,1775215862.548,2026-04-03T06:31:02.548-0500,105,1,1369
06:31:03.548,1775215863.548,2026-04-03T06:31:03.548-0500,105,1,1370
06:31:04.548,1775215864.548,2026-04-03T06:31:04.548-0500,105,1,1371
06:31:05.548,1775215865.548,2026-04-03T06:31:05.548-0500,105,1,1372
06:31:06.548,1775215866.548,2026-04-03T06:31:06.548-0500,105,1,1373
06:31:07.548,1775215867.548,2026-04-03T06:31:07.548-0500,104,1,1374
06:31:08.548,1775215868.548,2026-04-03T06:31:08.548-0500,104,1,1375
06:31:09.548,1775215869.548,2026-04-03T06:31:09.548-0500,104,1,1376
06:31:10.548,1775215870.548,2026-04-03T06:31:10.548-0500,103,1,1377
06:31:11.548,1775215871.548,2026-04-03T06:31:11.548-0500,103,1,1378
06:31:12.548,1775215872.548,2026-04-03T06:31:12.548-0500,103,1,1379
06:31:13.548,1775215873.548,2026-04-03T06:31:13.548-0500,102,1,1380
06:31:14.548,1775215874.548,2026-04-03T06:31:14.548-0500,102,1,1381
06:31:15.548,1775215875.548,2026-04-03T06:31:15.548-0500,103,1,1382
06:31:16.548,1775215876.548,2026-04-03T06:31:16.548-0500,103,1,1383
06:31:17.548,1775215877.548,2026-04-03T06:31:17.548-0500,104,1,1384
06:31:18.548,1775215878.548,2026-04-03T06:31:18.548-0500,104,1,1385
06:31:19.548,1775215879.548,2026-04-03T06:31:19.548-0500,104,1,1386
06:31:20.548,1775215880.548,2026-04-03T06:31:20.548-0500,104,1,1387
06:31:21.548,1775215881.548,2026-04-03T06:31:21.548-0500,104,1,1388
06:31:22.548,1775215882.548,2026-04-03T06:31:22.548-0500,104,1,1389
06:31:23.548,1775215883.548,2026-04-03T06:31:23.548-0500,104,1,1390
06:31:24.548,1775215884.548,2026-04-03T06:31:24.548-0500,104,1,1391
06:31:25.548,1775215885.548,2026-04-03T06:31:25.548-0500,104,1,1392
06:31:26.548,1775215886.548,2026-04-03T06:31:26.548-0500,105,1,1393
06:31:27.548,1775215887.548,2026-04-03T06:31:27.548-0500,107,1,1394
06:31:28.548,1775215888.548,2026-04-03T06:31:28.548-0500,108,1,1395
06:31:29.548,1775215889.548,2026-04-03T06:31:29.548-0500,110,1,1396
06:31:30.548,1775215890.548,2026-04-03T06:31:30.548-0500,111,1,1397
06:31:31.548,1775215891.548,2026-04-03T06:31:31.548-0500,112,1,1398
06:31:32.548,1775215892.548,2026-04-03T06:31:32.548-0500,113,1,1399
06:31:33.548,1775215893.548,2026-04-03T06:31:33.548-0500,114,1,1400
06:31:34.548,1775215894.548,2026-04-03T06:31:34.548-0500,115,1,1401
06:31:35.548,1775215895.548,2026-04-03T06:31:35.548-0500,116,1,1402
06:31:36.548,1775215896.548,2026-04-03T06:31:36.548-0500,117,1,1403
06:31:37.548,1775215897.548,2026-04-03T06:31:37.548-0500,118,1,1404
06:31:38.548,1775215898.548,2026-04-03T06:31:38.548-0500,119,1,1405
06:31:49.548,1775215909.548,2026-04-03T06:31:49.548-0500,117,1,1416
06:31:50.548,1775215910.548,2026-04-03T06:31:50.548-0500,115,1,1417
06:31:51.548,1775215911.548,2026-04-03T06:31:51.548-0500,114,1,1418
06:31:52.548,1775215912.548,2026-04-03T06:31:52.548-0500,112,1,1419
06:31:53.548,1775215913.548,2026-04-03T06:31:53.548-0500,111,1,1420
06:31:54.548,1775215914.548,2026-04-03T06:31:54.548-0500,109,1,1421
06:31:55.548,1775215915.548,2026-04-03T06:31:55.548-0500,109,1,1422
06:31:56.548,1775215916.548,2026-04-03T06:31:56.548-0500,108,1,1423
06:31:57.548,1775215917.548,2026-04-03T06:31:57.548-0500,108,1,1424
06:31:58.548,1775215918.548,2026-04-03T06:31:58.548-0500,107,1,1425
06:31:59.548,1775215919.548,2026-04-03T06:31:59.548-0500,107,1,1426
06:32:00.548,1775215920.548,2026-04-03T06:32:00.548-0500,107,1,1427
06:32:01.548,1775215921.548,2026-04-03T06:32:01.548-0500,108,1,1428
06:32:02.548,1775215922.548,2026-04-03T06:32:02.548-0500,108,1,1429
06:32:03.548,1775215923.548,2026-04-03T06:32:03.548-0500,108,1,1430
06:32:04.548,1775215924.548,2026-04-03T06:32:04.548-0500,108,1,1431
06:32:05.548,1775215925.548,2026-04-03T06:32:05.548-0500,108,1,1432
06:32:06.548,1775215926.548,2026-04-03T06:32:06.548-0500,108,1,1433
06:32:07.548,1775215927.548,2026-04-03T06:32:07.548-0500,108,1,1434
06:32:08.548,1775215928.548,2026-04-03T06:32:08.548-0500,108,1,1435
06:32:09.548,1775215929.548,2026-04-03T06:32:09.548-0500,108,1,1436
06:32:10.548,1775215930.548,2026-04-03T06:32:10.548-0500,108,1,1437
06:32:11.548,1775215931.548,2026-04-03T06:32:11.548-0500,108,1,1438
06:32:12.548,1775215932.548,2026-04-03T06:32:12.548-0500,109,1,1439
06:32:13.548,1775215933.548,2026-04-03T06:32:13.548-0500,109,1,1440
06:32:14.548,1775215934.548,2026-04-03T06:32:14.548-0500,110,1,1441
06:32:15.548,1775215935.548,2026-04-03T06:32:15.548-0500,110,1,1442
06:32:16.548,1775215936.548,2026-04-03T06:32:16.548-0500,110,1,1443
06:32:17.548,1775215937.548,2026-04-03T06:32:17.548-0500,110,1,1444
06:32:18.548,1775215938.548,2026-04-03T06:32:18.548-0500,111,1,1445
06:32:19.548,1775215939.548,2026-04-03T06:32:19.548-0500,111,1,1446
06:32:20.548,1775215940.548,2026-04-03T06:32:20.548-0500,111,1,1447
06:32:21.548,1775215941.548,2026-04-03T06:32:21.548-0500,111,1,1448
06:32:22.548,1775215942.548,2026-04-03T06:32:22.548-0500,111,1,1449
06:32:23.548,1775215943.548,2026-04-03T06:32:23.548-0500,111,1,1450
06:32:24.548,1775215944.548,2026-04-03T06:32:24.548-0500,111,1,1451
06:32:25.548,1775215945.548,2026-04-03T06:32:25.548-0500,111,1,1452
06:32:26.548,1775215946.548,2026-04-03T06:32:26.548-0500,112,1,1453
06:32:27.548,1775215947.548,2026-04-03T06:32:27.548-0500,113,1,1454
06:32:28.548,1775215948.548,2026-04-03T06:32:28.548-0500,113,1,1455
06:32:29.548,1775215949.548,2026-04-03T06:32:29.548-0500,114,1,1456
06:32:30.548,1775215950.548,2026-04-03T06:32:30.548-0500,115,1,1457
06:32:31.548,1775215951.548,2026-04-03T06:32:31.548-0500,115,1,1458
06:32:32.548,1775215952.548,2026-04-03T06:32:32.548-0500,116,1,1459
06:32:33.548,1775215953.548,2026-04-03T06:32:33.548-0500,116,1,1460
06:32:34.548,1775215954.548,2026-04-03T06:32:34.548-0500,116,1,1461
06:32:35.548,1775215955.548,2026-04-03T06:32:35.548-0500,116,1,1462
06:32:36.548,1775215956.548,2026-04-03T06:32:36.548-0500,117,1,1463
06:32:37.548,1775215957.548,2026-04-03T06:32:37.548-0500,117,1,1464
06:32:38.548,1775215958.548,2026-04-03T06:32:38.548-0500,117,1,1465
06:32:39.548,1775215959.548,2026-04-03T06:32:39.548-0500,117,1,1466
06:32:40.548,1775215960.548,2026-04-03T06:32:40.548-0500,117,1,1467
06:32:41.548,1775215961.548,2026-04-03T06:32:41.548-0500,117,1,1468
06:32:42.548,1775215962.548,2026-04-03T06:32:42.548-0500,117,1,1469
06:32:43.548,1775215963.548,2026-04-03T06:32:43.548-0500,117,1,1470
06:32:44.548,1775215964.548,2026-04-03T06:32:44.548-0500,117,1,1471
06:32:45.548,1775215965.548,2026-04-03T06:32:45.548-0500,117,1,1472
06:32:46.548,1775215966.548,2026-04-03T06:32:46.548-0500,116,1,1473
06:32:47.548,1775215967.548,2026-04-03T06:32:47.548-0500,116,1,1474
06:32:48.548,1775215968.548,2026-04-03T06:32:48.548-0500,115,1,1475
06:32:49.548,1775215969.548,2026-04-03T06:32:49.548-0500,115,1,1476
06:32:50.548,1775215970.548,2026-04-03T06:32:50.548-0500,113,1,1477
06:32:51.548,1775215971.548,2026-04-03T06:32:51.548-0500,113,1,1478
06:32:52.548,1775215972.548,2026-04-03T06:32:52.548-0500,112,1,1479
06:32:53.548,1775215973.548,2026-04-03T06:32:53.548-0500,112,1,1480
06:32:54.548,1775215974.548,2026-04-03T06:32:54.548-0500,112,1,1481
06:32:55.548,1775215975.548,2026-04-03T06:32:55.548-0500,111,1,1482
06:32:56.548,1775215976.548,2026-04-03T06:32:56.548-0500,111,1,1483
06:32:57.548,1775215977.548,2026-04-03T06:32:57.548-0500,111,1,1484
06:32:58.548,1775215978.548,2026-04-03T06:32:58.548-0500,110,1,1485
06:32:59.548,1775215979.548,2026-04-03T06:32:59.548-0500,110,1,1486
06:33:00.548,1775215980.548,2026-04-03T06:33:00.548-0500,110,1,1487
06:33:01.548,1775215981.548,2026-04-03T06:33:01.548-0500,111,1,1488
06:33:02.548,1775215982.548,2026-04-03T06:33:02.548-0500,111,1,1489
06:33:03.548,1775215983.548,2026-04-03T06:33:03.548-0500,110,1,1490
06:33:04.548,1775215984.548,2026-04-03T06:33:04.548-0500,109,1,1491
06:33:05.548,1775215985.548,2026-04-03T06:33:05.548-0500,108,1,1492
06:33:06.548,1775215986.548,2026-04-03T06:33:06.548-0500,108,1,1493
06:33:07.548,1775215987.548,2026-04-03T06:33:07.548-0500,107,1,1494
06:33:08.548,1775215988.548,2026-04-03T06:33:08.548-0500,106,1,1495
06:33:09.548,1775215989.548,2026-04-03T06:33:09.548-0500,105,1,1496
06:33:10.548,1775215990.548,2026-04-03T06:33:10.548-0500,106,1,1497
06:33:11.548,1775215991.548,2026-04-03T06:33:11.548-0500,106,1,1498
06:33:12.548,1775215992.548,2026-04-03T06:33:12.548-0500,107,1,1499
06:33:13.548,1775215993.548,2026-04-03T06:33:13.548-0500,107,1,1500
06:33:14.548,1775215994.548,2026-04-03T06:33:14.548-0500,107,1,1501
06:33:15.548,1775215995.548,2026-04-03T06:33:15.548-0500,107,1,1502
06:33:16.548,1775215996.548,2026-04-03T06:33:16.548-0500,108,1,1503
06:33:17.548,1775215997.548,2026-04-03T06:33:17.548-0500,108,1,1504
06:33:18.548,1775215998.548,2026-04-03T06:33:18.548-0500,108,1,1505
06:33:19.548,1775215999.548,2026-04-03T06:33:19.548-0500,108,1,1506
06:33:20.548,1775216000.548,2026-04-03T06:33:20.548-0500,108,1,1507
06:33:21.548,1775216001.548,2026-04-03T06:33:21.548-0500,107,1,1508
06:33:22.548,1775216002.548,2026-04-03T06:33:22.548-0500,107,1,1509
06:33:23.548,1775216003.548,2026-04-03T06:33:23.548-0500,107,1,1510
06:33:24.548,1775216004.548,2026-04-03T06:33:24.548-0500,107,1,1511
06:33:25.548,1775216005.548,2026-04-03T06:33:25.548-0500,107,1,1512
06:33:26.548,1775216006.548,2026-04-03T06:33:26.548-0500,107,1,1513
06:33:27.548,1775216007.548,2026-04-03T06:33:27.548-0500,107,1,1514
06:33:28.548,1775216008.548,2026-04-03T06:33:28.548-0500,107,1,1515
06:33:29.548,1775216009.548,2026-04-03T06:33:29.548-0500,107,1,1516
06:33:30.548,1775216010.548,2026-04-03T06:33:30.548-0500,107,1,1517
06:33:31.548,1775216011.548,2026-04-03T06:33:31.548-0500,107,1,1518
06:33:32.548,1775216012.548,2026-04-03T06:33:32.548-0500,106,1,1519
06:33:33.548,1775216013.548,2026-04-03T06:33:33.548-0500,106,1,1520
06:33:34.548,1775216014.548,2026-04-03T06:33:34.548-0500,106,1,1521
06:33:35.548,1775216015.548,2026-04-03T06:33:35.548-0500,106,1,1522
06:33:36.548,1775216016.548,2026-04-03T06:33:36.548-0500,106,1,1523
06:33:37.548,1775216017.548,2026-04-03T06:33:37.548-0500,106,1,1524
06:33:38.548,1775216018.548,2026-04-03T06:33:38.548-0500,106,1,1525
06:33:39.548,1775216019.548,2026-04-03T06:33:39.548-0500,106,1,1526
06:33:40.548,1775216020.548,2026-04-03T06:33:40.548-0500,106,1,1527
06:33:41.548,1775216021.548,2026-04-03T06:33:41.548-0500,105,1,1528
06:33:42.548,1775216022.548,2026-04-03T06:33:42.548-0500,105,1,1529
06:33:43.548,1775216023.548,2026-04-03T06:33:43.548-0500,105,1,1530
06:33:44.548,1775216024.548,2026-04-03T06:33:44.548-0500,105,1,1531
06:33:45.548,1775216025.548,2026-04-03T06:33:45.548-0500,105,1,1532
06:33:46.548,1775216026.548,2026-04-03T06:33:46.548-0500,105,1,1533
06:33:47.548,1775216027.548,2026-04-03T06:33:47.548-0500,105,1,1534
06:33:48.548,1775216028.548,2026-04-03T06:33:48.548-0500,105,1,1535
06:33:49.548,1775216029.548,2026-04-03T06:33:49.548-0500,105,1,1536
06:33:50.548,1775216030.548,2026-04-03T06:33:50.548-0500,105,1,1537
06:33:51.548,1775216031.548,2026-04-03T06:33:51.548-0500,105,1,1538
06:33:52.548,1775216032.548,2026-04-03T06:33:52.548-0500,105,1,1539
06:33:53.548,1775216033.548,2026-04-03T06:33:53.548-0500,105,1,1540
06:33:54.548,1775216034.548,2026-04-03T06:33:54.548-0500,105,1,1541
06:33:55.548,1775216035.548,2026-04-03T06:33:55.548-0500,105,1,1542
06:33:56.548,1775216036.548,2026-04-03T06:33:56.548-0500,105,1,1543
06:33:57.548,1775216037.548,2026-04-03T06:33:57.548-0500,105,1,1544
06:33:58.548,1775216038.548,2026-04-03T06:33:58.548-0500,105,1,1545
06:33:59.548,1775216039.548,2026-04-03T06:33:59.548-0500,105,1,1546
06:34:00.548,1775216040.548,2026-04-03T06:34:00.548-0500,105,1,1547
06:34:01.548,1775216041.548,2026-04-03T06:34:01.548-0500,105,1,1548
06:34:02.548,1775216042.548,2026-04-03T06:34:02.548-0500,105,1,1549
06:34:03.548,1775216043.548,2026-04-03T06:34:03.548-0500,106,1,1550
06:34:04.548,1775216044.548,2026-04-03T06:34:04.548-0500,106,1,1551
06:34:05.548,1775216045.548,2026-04-03T06:34:05.548-0500,106,1,1552
06:34:06.548,1775216046.548,2026-04-03T06:34:06.548-0500,107,1,1553
06:34:07.548,1775216047.548,2026-04-03T06:34:07.548-0500,107,1,1554
06:34:08.548,1775216048.548,2026-04-03T06:34:08.548-0500,108,1,1555
06:34:09.548,1775216049.548,2026-04-03T06:34:09.548-0500,108,1,1556
06:34:10.548,1775216050.548,2026-04-03T06:34:10.548-0500,109,1,1557
06:34:11.548,1775216051.548,2026-04-03T06:34:11.548-0500,109,1,1558
06:34:12.548,1775216052.548,2026-04-03T06:34:12.548-0500,110,1,1559
06:34:13.548,1775216053.548,2026-04-03T06:34:13.548-0500,110,1,1560
06:34:14.548,1775216054.548,2026-04-03T06:34:14.548-0500,111,1,1561
06:34:15.548,1775216055.548,2026-04-03T06:34:15.548-0500,111,1,1562
06:34:16.548,1775216056.548,2026-04-03T06:34:16.548-0500,112,1,1563
06:34:17.548,1775216057.548,2026-04-03T06:34:17.548-0500,112,1,1564
06:34:18.548,1775216058.548,2026-04-03T06:34:18.548-0500,112,1,1565
06:34:19.548,1775216059.548,2026-04-03T06:34:19.548-0500,111,1,1566
06:34:20.548,1775216060.548,2026-04-03T06:34:20.548-0500,111,1,1567
06:34:21.548,1775216061.548,2026-04-03T06:34:21.548-0500,111,1,1568
06:34:22.548,1775216062.548,2026-04-03T06:34:22.548-0500,111,1,1569
06:34:23.548,1775216063.548,2026-04-03T06:34:23.548-0500,110,1,1570
06:34:24.548,1775216064.548,2026-04-03T06:34:24.548-0500,110,1,1571
06:34:25.548,1775216065.548,2026-04-03T06:34:25.548-0500,110,1,1572
06:34:26.548,1775216066.548,2026-04-03T06:34:26.548-0500,110,1,1573
06:34:27.548,1775216067.548,2026-04-03T06:34:27.548-0500,110,1,1574
06:34:28.548,1775216068.548,2026-04-03T06:34:28.548-0500,110,1,1575
06:34:29.548,1775216069.548,2026-04-03T06:34:29.548-0500,110,1,1576
06:34:30.548,1775216070.548,2026-04-03T06:34:30.548-0500,110,1,1577
06:34:31.548,1775216071.548,2026-04-03T06:34:31.548-0500,110,1,1578
06:34:32.548,1775216072.548,2026-04-03T06:34:32.548-0500,110,1,1579
06:34:33.548,1775216073.548,2026-04-03T06:34:33.548-0500,110,1,1580
06:34:34.548,1775216074.548,2026-04-03T06:34:34.548-0500,109,1,1581
06:34:35.548,1775216075.548,2026-04-03T06:34:35.548-0500,107,1,1582
06:34:36.548,1775216076.548,2026-04-03T06:34:36.548-0500,106,1,1583
06:34:37.548,1775216077.548,2026-04-03T06:34:37.548-0500,105,1,1584
06:34:38.548,1775216078.548,2026-04-03T06:34:38.548-0500,105,1,1585
06:34:39.548,1775216079.548,2026-04-03T06:34:39.548-0500,104,1,1586
06:34:40.548,1775216080.548,2026-04-03T06:34:40.548-0500,103,1,1587
06:34:41.548,1775216081.548,2026-04-03T06:34:41.548-0500,104,1,1588
06:34:42.548,1775216082.548,2026-04-03T06:34:42.548-0500,105,1,1589
06:34:43.548,1775216083.548,2026-04-03T06:34:43.548-0500,106,1,1590
06:34:44.548,1775216084.548,2026-04-03T06:34:44.548-0500,107,1,1591
06:34:45.548,1775216085.548,2026-04-03T06:34:45.548-0500,107,1,1592
06:34:46.548,1775216086.548,2026-04-03T06:34:46.548-0500,108,1,1593
06:34:47.548,1775216087.548,2026-04-03T06:34:47.548-0500,109,1,1594
06:34:48.548,1775216088.548,2026-04-03T06:34:48.548-0500,110,1,1595
06:34:49.548,1775216089.548,2026-04-03T06:34:49.548-0500,111,1,1596
06:34:50.548,1775216090.548,2026-04-03T06:34:50.548-0500,111,1,1597
06:34:51.548,1775216091.548,2026-04-03T06:34:51.548-0500,112,1,1598
06:34:52.548,1775216092.548,2026-04-03T06:34:52.548-0500,112,1,1599
06:34:53.548,1775216093.548,2026-04-03T06:34:53.548-0500,113,1,1600
06:34:54.548,1775216094.548,2026-04-03T06:34:54.548-0500,114,1,1601
06:34:55.548,1775216095.548,2026-04-03T06:34:55.548-0500,114,1,1602
06:34:56.548,1775216096.548,2026-04-03T06:34:56.548-0500,114,1,1603
06:34:57.548,1775216097.548,2026-04-03T06:34:57.548-0500,114,1,1604
06:34:58.548,1775216098.548,2026-04-03T06:34:58.548-0500,114,1,1605
06:34:59.548,1775216099.548,2026-04-03T06:34:59.548-0500,115,1,1606
06:35:00.548,1775216100.548,2026-04-03T06:35:00.548-0500,115,1,1607
06:35:01.548,1775216101.548,2026-04-03T06:35:01.548-0500,115,1,1608
06:35:02.548,1775216102.548,2026-04-03T06:35:02.548-0500,115,1,1609
06:35:03.548,1775216103.548,2026-04-03T06:35:03.548-0500,115,1,1610
06:35:04.548,1775216104.548,2026-04-03T06:35:04.548-0500,115,1,1611
06:35:05.548,1775216105.548,2026-04-03T06:35:05.548-0500,114,1,1612
06:35:06.548,1775216106.548,2026-04-03T06:35:06.548-0500,113,1,1613
06:35:07.548,1775216107.548,2026-04-03T06:35:07.548-0500,111,1,1614
06:35:08.548,1775216108.548,2026-04-03T06:35:08.548-0500,110,1,1615
06:35:09.548,1775216109.548,2026-04-03T06:35:09.548-0500,109,1,1616
06:35:10.548,1775216110.548,2026-04-03T06:35:10.548-0500,107,1,1617
06:35:11.548,1775216111.548,2026-04-03T06:35:11.548-0500,106,1,1618
06:35:12.548,1775216112.548,2026-04-03T06:35:12.548-0500,106,1,1619
06:35:13.548,1775216113.548,2026-04-03T06:35:13.548-0500,105,1,1620
06:35:14.548,1775216114.548,2026-04-03T06:35:14.548-0500,105,1,1621
06:35:15.548,1775216115.548,2026-04-03T06:35:15.548-0500,104,1,1622
06:35:16.548,1775216116.548,2026-04-03T06:35:16.548-0500,104,1,1623
06:35:17.548,1775216117.548,2026-04-03T06:35:17.548-0500,104,1,1624
06:35:18.548,1775216118.548,2026-04-03T06:35:18.548-0500,104,1,1625
06:35:19.548,1775216119.548,2026-04-03T06:35:19.548-0500,103,1,1626
06:35:20.548,1775216120.548,2026-04-03T06:35:20.548-0500,103,1,1627
06:35:21.548,1775216121.548,2026-04-03T06:35:21.548-0500,103,1,1628
06:35:22.548,1775216122.548,2026-04-03T06:35:22.548-0500,103,1,1629
06:35:23.548,1775216123.548,2026-04-03T06:35:23.548-0500,104,1,1630
06:35:24.548,1775216124.548,2026-04-03T06:35:24.548-0500,106,1,1631
06:35:25.548,1775216125.548,2026-04-03T06:35:25.548-0500,107,1,1632
06:35:26.548,1775216126.548,2026-04-03T06:35:26.548-0500,108,1,1633
06:35:27.548,1775216127.548,2026-04-03T06:35:27.548-0500,109,1,1634
06:35:28.548,1775216128.548,2026-04-03T06:35:28.548-0500,111,1,1635
06:35:29.548,1775216129.548,2026-04-03T06:35:29.548-0500,112,1,1636
06:35:30.548,1775216130.548,2026-04-03T06:35:30.548-0500,112,1,1637
06:35:31.548,1775216131.548,2026-04-03T06:35:31.548-0500,112,1,1638
06:35:32.548,1775216132.548,2026-04-03T06:35:32.548-0500,112,1,1639
06:35:33.548,1775216133.548,2026-04-03T06:35:33.548-0500,112,1,1640
06:35:34.548,1775216134.548,2026-04-03T06:35:34.548-0500,111,1,1641
06:35:35.548,1775216135.548,2026-04-03T06:35:35.548-0500,110,1,1642
06:35:36.548,1775216136.548,2026-04-03T06:35:36.548-0500,110,1,1643
06:35:37.548,1775216137.548,2026-04-03T06:35:37.548-0500,110,1,1644
06:35:38.548,1775216138.548,2026-04-03T06:35:38.548-0500,110,1,1645
06:35:39.548,1775216139.548,2026-04-03T06:35:39.548-0500,110,1,1646
06:35:40.548,1775216140.548,2026-04-03T06:35:40.548-0500,109,1,1647
06:35:41.548,1775216141.548,2026-04-03T06:35:41.548-0500,109,1,1648
06:35:42.548,1775216142.548,2026-04-03T06:35:42.548-0500,109,1,1649
06:35:43.548,1775216143.548,2026-04-03T06:35:43.548-0500,109,1,1650
06:35:44.548,1775216144.548,2026-04-03T06:35:44.548-0500,109,1,1651
06:35:45.548,1775216145.548,2026-04-03T06:35:45.548-0500,109,1,1652
06:35:46.548,1775216146.548,2026-04-03T06:35:46.548-0500,108,1,1653
06:35:47.548,1775216147.548,2026-04-03T06:35:47.548-0500,108,1,1654
06:35:48.548,1775216148.548,2026-04-03T06:35:48.548-0500,108,1,1655
06:35:49.548,1775216149.548,2026-04-03T06:35:49.548-0500,107,1,1656
06:35:50.548,1775216150.548,2026-04-03T06:35:50.548-0500,107,1,1657
06:35:51.548,1775216151.548,2026-04-03T06:35:51.548-0500,108,1,1658
06:35:52.548,1775216152.548,2026-04-03T06:35:52.548-0500,108,1,1659
06:35:53.548,1775216153.548,2026-04-03T06:35:53.548-0500,109,1,1660
06:35:54.548,1775216154.548,2026-04-03T06:35:54.548-0500,110,1,1661
06:35:55.548,1775216155.548,2026-04-03T06:35:55.548-0500,110,1,1662
06:35:56.548,1775216156.548,2026-04-03T06:35:56.548-0500,111,1,1663
06:35:57.548,1775216157.548,2026-04-03T06:35:57.548-0500,112,1,1664
06:35:58.548,1775216158.548,2026-04-03T06:35:58.548-0500,112,1,1665
06:35:59.548,1775216159.548,2026-04-03T06:35:59.548-0500,113,1,1666
06:36:00.548,1775216160.548,2026-04-03T06:36:00.548-0500,114,1,1667
06:36:01.548,1775216161.548,2026-04-03T06:36:01.548-0500,115,1,1668
06:36:02.548,1775216162.548,2026-04-03T06:36:02.548-0500,115,1,1669
06:36:03.548,1775216163.548,2026-04-03T06:36:03.548-0500,116,1,1670
06:36:04.548,1775216164.548,2026-04-03T06:36:04.548-0500,117,1,1671
06:36:05.548,1775216165.548,2026-04-03T06:36:05.548-0500,117,1,1672
06:36:06.548,1775216166.548,2026-04-03T06:36:06.548-0500,117,1,1673
06:36:07.548,1775216167.548,2026-04-03T06:36:07.548-0500,117,1,1674
06:36:08.548,1775216168.548,2026-04-03T06:36:08.548-0500,117,1,1675
06:36:09.548,1775216169.548,2026-04-03T06:36:09.548-0500,117,1,1676
06:36:10.548,1775216170.548,2026-04-03T06:36:10.548-0500,116,1,1677
06:36:11.548,1775216171.548,2026-04-03T06:36:11.548-0500,116,1,1678
06:36:12.548,1775216172.548,2026-04-03T06:36:12.548-0500,116,1,1679
06:36:13.548,1775216173.548,2026-04-03T06:36:13.548-0500,116,1,1680
06:36:14.548,1775216174.548,2026-04-03T06:36:14.548-0500,116,1,1681
06:36:15.548,1775216175.548,2026-04-03T06:36:15.548-0500,115,1,1682
06:36:16.548,1775216176.548,2026-04-03T06:36:16.548-0500,114,1,1683
06:36:17.548,1775216177.548,2026-04-03T06:36:17.548-0500,113,1,1684
06:36:18.548,1775216178.548,2026-04-03T06:36:18.548-0500,112,1,1685
06:36:19.548,1775216179.548,2026-04-03T06:36:19.548-0500,111,1,1686
06:36:20.548,1775216180.548,2026-04-03T06:36:20.548-0500,111,1,1687
06:36:21.548,1775216181.548,2026-04-03T06:36:21.548-0500,112,1,1688
06:36:22.548,1775216182.548,2026-04-03T06:36:22.548-0500,112,1,1689
06:36:23.548,1775216183.548,2026-04-03T06:36:23.548-0500,113,1,1690
06:36:24.548,1775216184.548,2026-04-03T06:36:24.548-0500,113,1,1691
06:36:25.548,1775216185.548,2026-04-03T06:36:25.548-0500,113,1,1692
06:36:26.548,1775216186.548,2026-04-03T06:36:26.548-0500,113,1,1693
06:36:27.548,1775216187.548,2026-04-03T06:36:27.548-0500,113,1,1694
06:36:28.548,1775216188.548,2026-04-03T06:36:28.548-0500,113,1,1695
06:36:29.548,1775216189.548,2026-04-03T06:36:29.548-0500,113,1,1696
06:36:30.548,1775216190.548,2026-04-03T06:36:30.548-0500,113,1,1697
06:36:31.548,1775216191.548,2026-04-03T06:36:31.548-0500,113,1,1698
06:36:32.548,1775216192.548,2026-04-03T06:36:32.548-0500,112,1,1699
06:36:33.548,1775216193.548,2026-04-03T06:36:33.548-0500,112,1,1700
06:36:34.548,1775216194.548,2026-04-03T06:36:34.548-0500,112,1,1701
06:36:35.548,1775216195.548,2026-04-03T06:36:35.548-0500,112,1,1702
06:36:36.548,1775216196.548,2026-04-03T06:36:36.548-0500,112,1,1703
06:36:37.548,1775216197.548,2026-04-03T06:36:37.548-0500,112,1,1704
06:36:38.548,1775216198.548,2026-04-03T06:36:38.548-0500,112,1,1705
06:36:39.548,1775216199.548,2026-04-03T06:36:39.548-0500,113,1,1706
06:36:40.548,1775216200.548,2026-04-03T06:36:40.548-0500,113,1,1707
06:36:41.548,1775216201.548,2026-04-03T06:36:41.548-0500,113,1,1708
06:36:42.548,1775216202.548,2026-04-03T06:36:42.548-0500,114,1,1709
06:36:43.548,1775216203.548,2026-04-03T06:36:43.548-0500,114,1,1710
06:36:44.548,1775216204.548,2026-04-03T06:36:44.548-0500,113,1,1711
06:36:45.548,1775216205.548,2026-04-03T06:36:45.548-0500,113,1,1712
06:36:46.548,1775216206.548,2026-04-03T06:36:46.548-0500,112,1,1713
06:36:47.548,1775216207.548,2026-04-03T06:36:47.548-0500,111,1,1714
06:36:48.548,1775216208.548,2026-04-03T06:36:48.548-0500,111,1,1715
06:36:49.548,1775216209.548,2026-04-03T06:36:49.548-0500,110,1,1716
06:36:50.548,1775216210.548,2026-04-03T06:36:50.548-0500,110,1,1717
06:36:51.548,1775216211.548,2026-04-03T06:36:51.548-0500,109,1,1718
06:36:52.548,1775216212.548,2026-04-03T06:36:52.548-0500,109,1,1719
06:36:53.548,1775216213.548,2026-04-03T06:36:53.548-0500,109,1,1720
06:36:54.548,1775216214.548,2026-04-03T06:36:54.548-0500,110,1,1721
06:36:55.548,1775216215.548,2026-04-03T06:36:55.548-0500,110,1,1722
06:36:56.548,1775216216.548,2026-04-03T06:36:56.548-0500,110,1,1723
06:36:57.548,1775216217.548,2026-04-03T06:36:57.548-0500,110,1,1724
06:36:58.548,1775216218.548,2026-04-03T06:36:58.548-0500,111,1,1725
06:36:59.548,1775216219.548,2026-04-03T06:36:59.548-0500,111,1,1726
06:37:00.548,1775216220.548,2026-04-03T06:37:00.548-0500,110,1,1727
06:37:01.548,1775216221.548,2026-04-03T06:37:01.548-0500,110,1,1728
06:37:02.548,1775216222.548,2026-04-03T06:37:02.548-0500,110,1,1729
06:37:03.548,1775216223.548,2026-04-03T06:37:03.548-0500,110,1,1730
06:37:04.548,1775216224.548,2026-04-03T06:37:04.548-0500,110,1,1731
06:37:05.548,1775216225.548,2026-04-03T06:37:05.548-0500,110,1,1732
06:37:06.548,1775216226.548,2026-04-03T06:37:06.548-0500,111,1,1733
06:37:07.548,1775216227.548,2026-04-03T06:37:07.548-0500,111,1,1734
06:37:08.548,1775216228.548,2026-04-03T06:37:08.548-0500,112,1,1735
06:37:09.548,1775216229.548,2026-04-03T06:37:09.548-0500,112,1,1736
06:37:10.548,1775216230.548,2026-04-03T06:37:10.548-0500,113,1,1737
06:37:11.548,1775216231.548,2026-04-03T06:37:11.548-0500,114,1,1738
06:37:12.548,1775216232.548,2026-04-03T06:37:12.548-0500,115,1,1739
06:37:13.548,1775216233.548,2026-04-03T06:37:13.548-0500,116,1,1740
06:37:14.548,1775216234.548,2026-04-03T06:37:14.548-0500,117,1,1741
06:37:15.548,1775216235.548,2026-04-03T06:37:15.548-0500,118,1,1742
06:37:16.548,1775216236.548,2026-04-03T06:37:16.548-0500,118,1,1743
06:37:17.548,1775216237.548,2026-04-03T06:37:17.548-0500,119,1,1744
06:37:18.548,1775216238.548,2026-04-03T06:37:18.548-0500,119,1,1745
06:37:19.548,1775216239.548,2026-04-03T06:37:19.548-0500,120,1,1746
06:37:20.548,1775216240.548,2026-04-03T06:37:20.548-0500,120,1,1747
06:37:21.548,1775216241.548,2026-04-03T06:37:21.548-0500,120,1,1748
06:37:22.548,1775216242.548,2026-04-03T06:37:22.548-0500,120,1,1749
06:37:23.548,1775216243.548,2026-04-03T06:37:23.548-0500,120,1,1750
06:37:24.548,1775216244.548,2026-04-03T06:37:24.548-0500,120,1,1751
06:37:25.548,1775216245.548,2026-04-03T06:37:25.548-0500,120,1,1752
06:37:26.548,1775216246.548,2026-04-03T06:37:26.548-0500,120,1,1753
06:37:27.548,1775216247.548,2026-04-03T06:37:27.548-0500,120,1,1754
06:37:28.548,1775216248.548,2026-04-03T06:37:28.548-0500,120,1,1755
06:37:29.548,1775216249.548,2026-04-03T06:37:29.548-0500,119,1,1756
06:37:30.548,1775216250.548,2026-04-03T06:37:30.548-0500,117,1,1757
06:37:31.548,1775216251.548,2026-04-03T06:37:31.548-0500,116,1,1758
06:37:32.548,1775216252.548,2026-04-03T06:37:32.548-0500,115,1,1759
06:37:33.548,1775216253.548,2026-04-03T06:37:33.548-0500,113,1,1760
06:37:34.548,1775216254.548,2026-04-03T06:37:34.548-0500,112,1,1761
06:37:35.548,1775216255.548,2026-04-03T06:37:35.548-0500,111,1,1762
06:37:36.548,1775216256.548,2026-04-03T06:37:36.548-0500,111,1,1763
06:37:37.548,1775216257.548,2026-04-03T06:37:37.548-0500,111,1,1764
06:37:38.548,1775216258.548,2026-04-03T06:37:38.548-0500,111,1,1765
06:37:39.548,1775216259.548,2026-04-03T06:37:39.548-0500,111,1,1766
06:37:40.548,1775216260.548,2026-04-03T06:37:40.548-0500,111,1,1767
06:37:41.548,1775216261.548,2026-04-03T06:37:41.548-0500,111,1,1768
06:37:42.548,1775216262.548,2026-04-03T06:37:42.548-0500,110,1,1769
06:37:43.548,1775216263.548,2026-04-03T06:37:43.548-0500,110,1,1770
06:37:44.548,1775216264.548,2026-04-03T06:37:44.548-0500,110,1,1771
06:37:45.548,1775216265.548,2026-04-03T06:37:45.548-0500,109,1,1772
06:37:46.548,1775216266.548,2026-04-03T06:37:46.548-0500,109,1,1773
06:37:47.548,1775216267.548,2026-04-03T06:37:47.548-0500,110,1,1774
06:37:48.548,1775216268.548,2026-04-03T06:37:48.548-0500,110,1,1775
06:37:49.548,1775216269.548,2026-04-03T06:37:49.548-0500,111,1,1776
06:37:50.548,1775216270.548,2026-04-03T06:37:50.548-0500,111,1,1777
06:37:51.548,1775216271.548,2026-04-03T06:37:51.548-0500,112,1,1778
06:37:52.548,1775216272.548,2026-04-03T06:37:52.548-0500,112,1,1779
06:37:53.548,1775216273.548,2026-04-03T06:37:53.548-0500,113,1,1780
06:37:54.548,1775216274.548,2026-04-03T06:37:54.548-0500,113,1,1781
06:37:55.548,1775216275.548,2026-04-03T06:37:55.548-0500,113,1,1782
06:37:56.548,1775216276.548,2026-04-03T06:37:56.548-0500,113,1,1783
06:37:57.548,1775216277.548,2026-04-03T06:37:57.548-0500,113,1,1784
06:37:58.548,1775216278.548,2026-04-03T06:37:58.548-0500,113,1,1785
06:37:59.548,1775216279.548,2026-04-03T06:37:59.548-0500,113,1,1786
06:38:00.548,1775216280.548,2026-04-03T06:38:00.548-0500,113,1,1787
06:38:01.548,1775216281.548,2026-04-03T06:38:01.548-0500,113,1,1788
06:38:02.548,1775216282.548,2026-04-03T06:38:02.548-0500,113,1,1789
06:38:03.548,1775216283.548,2026-04-03T06:38:03.548-0500,113,1,1790
06:38:04.548,1775216284.548,2026-04-03T06:38:04.548-0500,113,1,1791
06:38:05.548,1775216285.548,2026-04-03T06:38:05.548-0500,113,1,1792
06:38:06.548,1775216286.548,2026-04-03T06:38:06.548-0500,113,1,1793
06:38:07.548,1775216287.548,2026-04-03T06:38:07.548-0500,113,1,1794
06:38:08.548,1775216288.548,2026-04-03T06:38:08.548-0500,113,1,1795
06:38:09.548,1775216289.548,2026-04-03T06:38:09.548-0500,113,1,1796
06:38:10.548,1775216290.548,2026-04-03T06:38:10.548-0500,113,1,1797
06:38:11.548,1775216291.548,2026-04-03T06:38:11.548-0500,113,1,1798
06:38:12.548,1775216292.548,2026-04-03T06:38:12.548-0500,112,1,1799
06:38:13.548,1775216293.548,2026-04-03T06:38:13.548-0500,112,1,1800
06:38:14.548,1775216294.548,2026-04-03T06:38:14.548-0500,111,1,1801
06:38:15.548,1775216295.548,2026-04-03T06:38:15.548-0500,111,1,1802
06:38:16.548,1775216296.548,2026-04-03T06:38:16.548-0500,110,1,1803
06:38:17.548,1775216297.548,2026-04-03T06:38:17.548-0500,110,1,1804
06:38:18.548,1775216298.548,2026-04-03T06:38:18.548-0500,110,1,1805
06:38:19.548,1775216299.548,2026-04-03T06:38:19.548-0500,110,1,1806
06:38:20.548,1775216300.548,2026-04-03T06:38:20.548-0500,110,1,1807
06:38:21.548,1775216301.548,2026-04-03T06:38:21.548-0500,109,1,1808
06:38:22.548,1775216302.548,2026-04-03T06:38:22.548-0500,108,1,1809
06:38:23.548,1775216303.548,2026-04-03T06:38:23.548-0500,107,1,1810
06:38:24.548,1775216304.548,2026-04-03T06:38:24.548-0500,106,1,1811
06:38:25.548,1775216305.548,2026-04-03T06:38:25.548-0500,105,1,1812
06:38:26.548,1775216306.548,2026-04-03T06:38:26.548-0500,104,1,1813
06:38:27.548,1775216307.548,2026-04-03T06:38:27.548-0500,103,1,1814
06:38:28.548,1775216308.548,2026-04-03T06:38:28.548-0500,101,1,1815
06:38:29.548,1775216309.548,2026-04-03T06:38:29.548-0500,100,1,1816
06:38:30.548,1775216310.548,2026-04-03T06:38:30.548-0500,98,1,1817
06:38:31.548,1775216311.548,2026-04-03T06:38:31.548-0500,99,1,1818
06:38:32.548,1775216312.548,2026-04-03T06:38:32.548-0500,100,1,1819
06:38:33.548,1775216313.548,2026-04-03T06:38:33.548-0500,100,1,1820
06:38:34.548,1775216314.548,2026-04-03T06:38:34.548-0500,101,1,1821
06:38:35.548,1775216315.548,2026-04-03T06:38:35.548-0500,102,1,1822
06:38:36.548,1775216316.548,2026-04-03T06:38:36.548-0500,103,1,1823
06:38:37.548,1775216317.548,2026-04-03T06:38:37.548-0500,105,1,1824
06:38:38.548,1775216318.548,2026-04-03T06:38:38.548-0500,106,1,1825
06:38:39.548,1775216319.548,2026-04-03T06:38:39.548-0500,107,1,1826
06:38:40.548,1775216320.548,2026-04-03T06:38:40.548-0500,108,1,1827
06:38:41.548,1775216321.548,2026-04-03T06:38:41.548-0500,110,1,1828
06:38:42.548,1775216322.548,2026-04-03T06:38:42.548-0500,111,1,1829
06:38:43.548,1775216323.548,2026-04-03T06:38:43.548-0500,112,1,1830
06:38:44.548,1775216324.548,2026-04-03T06:38:44.548-0500,112,1,1831
06:38:45.548,1775216325.548,2026-04-03T06:38:45.548-0500,113,1,1832
06:38:46.548,1775216326.548,2026-04-03T06:38:46.548-0500,114,1,1833
06:38:47.548,1775216327.548,2026-04-03T06:38:47.548-0500,115,1,1834
06:38:48.548,1775216328.548,2026-04-03T06:38:48.548-0500,115,1,1835
06:38:49.548,1775216329.548,2026-04-03T06:38:49.548-0500,116,1,1836
06:38:50.548,1775216330.548,2026-04-03T06:38:50.548-0500,117,1,1837
06:38:51.548,1775216331.548,2026-04-03T06:38:51.548-0500,117,1,1838
06:38:52.548,1775216332.548,2026-04-03T06:38:52.548-0500,117,1,1839
06:38:53.548,1775216333.548,2026-04-03T06:38:53.548-0500,118,1,1840
06:38:54.548,1775216334.548,2026-04-03T06:38:54.548-0500,118,1,1841
06:38:55.548,1775216335.548,2026-04-03T06:38:55.548-0500,118,1,1842
06:38:56.548,1775216336.548,2026-04-03T06:38:56.548-0500,118,1,1843
06:38:57.548,1775216337.548,2026-04-03T06:38:57.548-0500,118,1,1844
06:38:58.548,1775216338.548,2026-04-03T06:38:58.548-0500,118,1,1845
06:38:59.548,1775216339.548,2026-04-03T06:38:59.548-0500,117,1,1846
06:39:00.548,1775216340.548,2026-04-03T06:39:00.548-0500,117,1,1847
06:39:01.548,1775216341.548,2026-04-03T06:39:01.548-0500,117,1,1848
06:39:02.548,1775216342.548,2026-04-03T06:39:02.548-0500,117,1,1849
06:39:03.548,1775216343.548,2026-04-03T06:39:03.548-0500,117,1,1850
06:39:04.548,1775216344.548,2026-04-03T06:39:04.548-0500,117,1,1851
06:39:05.548,1775216345.548,2026-04-03T06:39:05.548-0500,117,1,1852
06:39:06.548,1775216346.548,2026-04-03T06:39:06.548-0500,116,1,1853
06:39:07.548,1775216347.548,2026-04-03T06:39:07.548-0500,116,1,1854
06:39:08.548,1775216348.548,2026-04-03T06:39:08.548-0500,116,1,1855
06:39:09.548,1775216349.548,2026-04-03T06:39:09.548-0500,116,1,1856
06:39:10.548,1775216350.548,2026-04-03T06:39:10.548-0500,115,1,1857
06:39:11.548,1775216351.548,2026-04-03T06:39:11.548-0500,115,1,1858
06:39:12.548,1775216352.548,2026-04-03T06:39:12.548-0500,114,1,1859
06:39:13.548,1775216353.548,2026-04-03T06:39:13.548-0500,113,1,1860
06:39:14.548,1775216354.548,2026-04-03T06:39:14.548-0500,113,1,1861
06:39:15.548,1775216355.548,2026-04-03T06:39:15.548-0500,113,1,1862
06:39:16.548,1775216356.548,2026-04-03T06:39:16.548-0500,113,1,1863
06:39:17.548,1775216357.548,2026-04-03T06:39:17.548-0500,113,1,1864
06:39:18.548,1775216358.548,2026-04-03T06:39:18.548-0500,113,1,1865
06:39:19.548,1775216359.548,2026-04-03T06:39:19.548-0500,114,1,1866
06:39:20.548,1775216360.548,2026-04-03T06:39:20.548-0500,114,1,1867
06:39:21.548,1775216361.548,2026-04-03T06:39:21.548-0500,115,1,1868
06:39:22.548,1775216362.548,2026-04-03T06:39:22.548-0500,115,1,1869
06:39:23.548,1775216363.548,2026-04-03T06:39:23.548-0500,116,1,1870
06:39:24.548,1775216364.548,2026-04-03T06:39:24.548-0500,116,1,1871
06:39:25.548,1775216365.548,2026-04-03T06:39:25.548-0500,116,1,1872
06:39:26.548,1775216366.548,2026-04-03T06:39:26.548-0500,116,1,1873
06:39:27.548,1775216367.548,2026-04-03T06:39:27.548-0500,116,1,1874
06:39:28.548,1775216368.548,2026-04-03T06:39:28.548-0500,116,1,1875
06:39:29.548,1775216369.548,2026-04-03T06:39:29.548-0500,115,1,1876
06:39:30.548,1775216370.548,2026-04-03T06:39:30.548-0500,115,1,1877
06:39:31.548,1775216371.548,2026-04-03T06:39:31.548-0500,115,1,1878
06:39:32.548,1775216372.548,2026-04-03T06:39:32.548-0500,115,1,1879
06:39:33.548,1775216373.548,2026-04-03T06:39:33.548-0500,115,1,1880
06:39:34.548,1775216374.548,2026-04-03T06:39:34.548-0500,115,1,1881
06:39:35.548,1775216375.548,2026-04-03T06:39:35.548-0500,115,1,1882
06:39:36.548,1775216376.548,2026-04-03T06:39:36.548-0500,115,1,1883
06:39:37.548,1775216377.548,2026-04-03T06:39:37.548-0500,115,1,1884
06:39:38.548,1775216378.548,2026-04-03T06:39:38.548-0500,116,1,1885
06:39:39.548,1775216379.548,2026-04-03T06:39:39.548-0500,116,1,1886
06:39:40.548,1775216380.548,2026-04-03T06:39:40.548-0500,116,1,1887
06:39:41.548,1775216381.548,2026-04-03T06:39:41.548-0500,117,1,1888
06:39:42.548,1775216382.548,2026-04-03T06:39:42.548-0500,117,1,1889
06:39:43.548,1775216383.548,2026-04-03T06:39:43.548-0500,118,1,1890
06:39:44.548,1775216384.548,2026-04-03T06:39:44.548-0500,118,1,1891
06:39:45.548,1775216385.548,2026-04-03T06:39:45.548-0500,119,1,1892
06:39:46.548,1775216386.548,2026-04-03T06:39:46.548-0500,119,1,1893
06:39:47.548,1775216387.548,2026-04-03T06:39:47.548-0500,120,1,1894
06:39:48.548,1775216388.548,2026-04-03T06:39:48.548-0500,120,1,1895
06:39:49.548,1775216389.548,2026-04-03T06:39:49.548-0500,121,1,1896
06:39:50.548,1775216390.548,2026-04-03T06:39:50.548-0500,121,1,1897
06:39:51.548,1775216391.548,2026-04-03T06:39:51.548-0500,121,1,1898
06:39:52.548,1775216392.548,2026-04-03T06:39:52.548-0500,122,1,1899
06:39:53.548,1775216393.548,2026-04-03T06:39:53.548-0500,122,1,1900
06:39:54.548,1775216394.548,2026-04-03T06:39:54.548-0500,122,1,1901
06:39:55.548,1775216395.548,2026-04-03T06:39:55.548-0500,122,1,1902
06:39:56.548,1775216396.548,2026-04-03T06:39:56.548-0500,123,1,1903
06:39:57.548,1775216397.548,2026-04-03T06:39:57.548-0500,123,1,1904
06:39:58.548,1775216398.548,2026-04-03T06:39:58.548-0500,124,1,1905
06:39:59.548,1775216399.548,2026-04-03T06:39:59.548-0500,125,1,1906
06:40:00.548,1775216400.548,2026-04-03T06:40:00.548-0500,126,1,1907
06:40:01.548,1775216401.548,2026-04-03T06:40:01.548-0500,127,1,1908
06:40:02.548,1775216402.548,2026-04-03T06:40:02.548-0500,128,1,1909
06:40:03.548,1775216403.548,2026-04-03T06:40:03.548-0500,127,1,1910
06:40:04.548,1775216404.548,2026-04-03T06:40:04.548-0500,125,1,1911
06:40:05.548,1775216405.548,2026-04-03T06:40:05.548-0500,124,1,1912
06:40:06.548,1775216406.548,2026-04-03T06:40:06.548-0500,123,1,1913
06:40:07.548,1775216407.548,2026-04-03T06:40:07.548-0500,122,1,1914
06:40:08.548,1775216408.548,2026-04-03T06:40:08.548-0500,120,1,1915
06:40:09.548,1775216409.548,2026-04-03T06:40:09.548-0500,119,1,1916
06:40:10.548,1775216410.548,2026-04-03T06:40:10.548-0500,118,1,1917
06:40:11.548,1775216411.548,2026-04-03T06:40:11.548-0500,117,1,1918
06:40:12.548,1775216412.548,2026-04-03T06:40:12.548-0500,117,1,1919
06:40:13.548,1775216413.548,2026-04-03T06:40:13.548-0500,116,1,1920
06:40:14.548,1775216414.548,2026-04-03T06:40:14.548-0500,115,1,1921
06:40:15.548,1775216415.548,2026-04-03T06:40:15.548-0500,115,1,1922
06:40:16.548,1775216416.548,2026-04-03T06:40:16.548-0500,115,1,1923
06:40:17.548,1775216417.548,2026-04-03T06:40:17.548-0500,115,1,1924
06:40:18.548,1775216418.548,2026-04-03T06:40:18.548-0500,115,1,1925
06:40:19.548,1775216419.548,2026-04-03T06:40:19.548-0500,115,1,1926
06:40:20.548,1775216420.548,2026-04-03T06:40:20.548-0500,115,1,1927
06:40:21.548,1775216421.548,2026-04-03T06:40:21.548-0500,115,1,1928
06:40:22.548,1775216422.548,2026-04-03T06:40:22.548-0500,114,1,1929
06:40:23.548,1775216423.548,2026-04-03T06:40:23.548-0500,114,1,1930
06:40:24.548,1775216424.548,2026-04-03T06:40:24.548-0500,114,1,1931
06:40:25.548,1775216425.548,2026-04-03T06:40:25.548-0500,114,1,1932
06:40:26.548,1775216426.548,2026-04-03T06:40:26.548-0500,114,1,1933
06:40:27.548,1775216427.548,2026-04-03T06:40:27.548-0500,114,1,1934
06:40:28.548,1775216428.548,2026-04-03T06:40:28.548-0500,114,1,1935
06:40:29.548,1775216429.548,2026-04-03T06:40:29.548-0500,114,1,1936
06:40:30.548,1775216430.548,2026-04-03T06:40:30.548-0500,114,1,1937
06:40:31.548,1775216431.548,2026-04-03T06:40:31.548-0500,114,1,1938
06:40:32.548,1775216432.548,2026-04-03T06:40:32.548-0500,114,1,1939
06:40:33.548,1775216433.548,2026-04-03T06:40:33.548-0500,114,1,1940
06:40:34.548,1775216434.548,2026-04-03T06:40:34.548-0500,114,1,1941
06:40:35.548,1775216435.548,2026-04-03T06:40:35.548-0500,114,1,1942
06:40:36.548,1775216436.548,2026-04-03T06:40:36.548-0500,114,1,1943
06:40:37.548,1775216437.548,2026-04-03T06:40:37.548-0500,114,1,1944
06:40:38.548,1775216438.548,2026-04-03T06:40:38.548-0500,114,1,1945
06:40:39.548,1775216439.548,2026-04-03T06:40:39.548-0500,113,1,1946
06:40:40.548,1775216440.548,2026-04-03T06:40:40.548-0500,113,1,1947
06:40:41.548,1775216441.548,2026-04-03T06:40:41.548-0500,113,1,1948
06:40:42.548,1775216442.548,2026-04-03T06:40:42.548-0500,113,1,1949
06:40:43.548,1775216443.548,2026-04-03T06:40:43.548-0500,113,1,1950
06:40:44.548,1775216444.548,2026-04-03T06:40:44.548-0500,112,1,1951
06:40:45.548,1775216445.548,2026-04-03T06:40:45.548-0500,112,1,1952
06:40:46.548,1775216446.548,2026-04-03T06:40:46.548-0500,112,1,1953
06:40:47.548,1775216447.548,2026-04-03T06:40:47.548-0500,112,1,1954
06:40:48.548,1775216448.548,2026-04-03T06:40:48.548-0500,112,1,1955
06:40:49.548,1775216449.548,2026-04-03T06:40:49.548-0500,112,1,1956
06:40:50.548,1775216450.548,2026-04-03T06:40:50.548-0500,112,1,1957
06:40:51.548,1775216451.548,2026-04-03T06:40:51.548-0500,112,1,1958
06:40:52.548,1775216452.548,2026-04-03T06:40:52.548-0500,112,1,1959
06:40:53.548,1775216453.548,2026-04-03T06:40:53.548-0500,112,1,1960
06:40:54.548,1775216454.548,2026-04-03T06:40:54.548-0500,112,1,1961
06:40:55.548,1775216455.548,2026-04-03T06:40:55.548-0500,112,1,1962
06:40:56.548,1775216456.548,2026-04-03T06:40:56.548-0500,112,1,1963
06:40:57.548,1775216457.548,2026-04-03T06:40:57.548-0500,112,1,1964
06:40:58.548,1775216458.548,2026-04-03T06:40:58.548-0500,112,1,1965
06:40:59.548,1775216459.548,2026-04-03T06:40:59.548-0500,112,1,1966
06:41:00.548,1775216460.548,2026-04-03T06:41:00.548-0500,111,1,1967
06:41:01.548,1775216461.548,2026-04-03T06:41:01.548-0500,111,1,1968
06:41:02.548,1775216462.548,2026-04-03T06:41:02.548-0500,110,1,1969
06:41:03.548,1775216463.548,2026-04-03T06:41:03.548-0500,110,1,1970
06:41:04.548,1775216464.548,2026-04-03T06:41:04.548-0500,109,1,1971
06:41:05.548,1775216465.548,2026-04-03T06:41:05.548-0500,109,1,1972
06:41:06.548,1775216466.548,2026-04-03T06:41:06.548-0500,110,1,1973
06:41:07.548,1775216467.548,2026-04-03T06:41:07.548-0500,110,1,1974
06:41:08.548,1775216468.548,2026-04-03T06:41:08.548-0500,111,1,1975
06:41:09.548,1775216469.548,2026-04-03T06:41:09.548-0500,111,1,1976
06:41:10.548,1775216470.548,2026-04-03T06:41:10.548-0500,110,1,1977
06:41:11.548,1775216471.548,2026-04-03T06:41:11.548-0500,110,1,1978
06:41:12.548,1775216472.548,2026-04-03T06:41:12.548-0500,109,1,1979
06:41:13.548,1775216473.548,2026-04-03T06:41:13.548-0500,108,1,1980
06:41:14.548,1775216474.548,2026-04-03T06:41:14.548-0500,108,1,1981
06:41:15.548,1775216475.548,2026-04-03T06:41:15.548-0500,107,1,1982
06:41:16.548,1775216476.548,2026-04-03T06:41:16.548-0500,107,1,1983
06:41:17.548,1775216477.548,2026-04-03T06:41:17.548-0500,108,1,1984
06:41:18.548,1775216478.548,2026-04-03T06:41:18.548-0500,108,1,1985
06:41:19.548,1775216479.548,2026-04-03T06:41:19.548-0500,109,1,1986
06:41:20.548,1775216480.548,2026-04-03T06:41:20.548-0500,109,1,1987
06:41:21.548,1775216481.548,2026-04-03T06:41:21.548-0500,110,1,1988
06:41:22.548,1775216482.548,2026-04-03T06:41:22.548-0500,110,1,1989
06:41:23.548,1775216483.548,2026-04-03T06:41:23.548-0500,111,1,1990
06:41:24.548,1775216484.548,2026-04-03T06:41:24.548-0500,111,1,1991
06:41:25.548,1775216485.548,2026-04-03T06:41:25.548-0500,112,1,1992
06:41:26.548,1775216486.548,2026-04-03T06:41:26.548-0500,113,1,1993
06:41:27.548,1775216487.548,2026-04-03T06:41:27.548-0500,114,1,1994
06:41:28.548,1775216488.548,2026-04-03T06:41:28.548-0500,116,1,1995
06:41:29.548,1775216489.548,2026-04-03T06:41:29.548-0500,117,1,1996
06:41:30.548,1775216490.548,2026-04-03T06:41:30.548-0500,118,1,1997
06:41:31.548,1775216491.548,2026-04-03T06:41:31.548-0500,120,1,1998
06:41:32.548,1775216492.548,2026-04-03T06:41:32.548-0500,121,1,1999
06:41:33.548,1775216493.548,2026-04-03T06:41:33.548-0500,123,1,2000
06:41:34.548,1775216494.548,2026-04-03T06:41:34.548-0500,124,1,2001
06:41:35.548,1775216495.548,2026-04-03T06:41:35.548-0500,126,1,2002
06:41:36.548,1775216496.548,2026-04-03T06:41:36.548-0500,126,1,2003
06:41:37.548,1775216497.548,2026-04-03T06:41:37.548-0500,125,1,2004
06:41:38.548,1775216498.548,2026-04-03T06:41:38.548-0500,125,1,2005
06:41:39.548,1775216499.548,2026-04-03T06:41:39.548-0500,125,1,2006
06:41:40.548,1775216500.548,2026-04-03T06:41:40.548-0500,124,1,2007
06:41:41.548,1775216501.548,2026-04-03T06:41:41.548-0500,124,1,2008
06:41:42.548,1775216502.548,2026-04-03T06:41:42.548-0500,124,1,2009
06:41:43.548,1775216503.548,2026-04-03T06:41:43.548-0500,124,1,2010
06:41:44.548,1775216504.548,2026-04-03T06:41:44.548-0500,123,1,2011
06:41:45.548,1775216505.548,2026-04-03T06:41:45.548-0500,123,1,2012
06:41:46.548,1775216506.548,2026-04-03T06:41:46.548-0500,123,1,2013
06:41:47.548,1775216507.548,2026-04-03T06:41:47.548-0500,123,1,2014
06:41:48.548,1775216508.548,2026-04-03T06:41:48.548-0500,121,1,2015
06:41:49.548,1775216509.548,2026-04-03T06:41:49.548-0500,120,1,2016
06:41:50.548,1775216510.548,2026-04-03T06:41:50.548-0500,118,1,2017
06:41:51.548,1775216511.548,2026-04-03T06:41:51.548-0500,117,1,2018
06:41:52.548,1775216512.548,2026-04-03T06:41:52.548-0500,115,1,2019
06:41:53.548,1775216513.548,2026-04-03T06:41:53.548-0500,114,1,2020
06:41:54.548,1775216514.548,2026-04-03T06:41:54.548-0500,112,1,2021
06:41:55.548,1775216515.548,2026-04-03T06:41:55.548-0500,113,1,2022
06:41:56.548,1775216516.548,2026-04-03T06:41:56.548-0500,113,1,2023
06:41:57.548,1775216517.548,2026-04-03T06:41:57.548-0500,114,1,2024
06:41:58.548,1775216518.548,2026-04-03T06:41:58.548-0500,114,1,2025
06:41:59.548,1775216519.548,2026-04-03T06:41:59.548-0500,115,1,2026
06:42:00.548,1775216520.548,2026-04-03T06:42:00.548-0500,116,1,2027
06:42:01.548,1775216521.548,2026-04-03T06:42:01.548-0500,116,1,2028
06:42:02.548,1775216522.548,2026-04-03T06:42:02.548-0500,117,1,2029
06:42:03.548,1775216523.548,2026-04-03T06:42:03.548-0500,117,1,2030
06:42:04.548,1775216524.548,2026-04-03T06:42:04.548-0500,118,1,2031
06:42:05.548,1775216525.548,2026-04-03T06:42:05.548-0500,118,1,2032
06:42:06.548,1775216526.548,2026-04-03T06:42:06.548-0500,118,1,2033
06:42:07.548,1775216527.548,2026-04-03T06:42:07.548-0500,118,1,2034
06:42:08.548,1775216528.548,2026-04-03T06:42:08.548-0500,118,1,2035
06:42:09.548,1775216529.548,2026-04-03T06:42:09.548-0500,118,1,2036
06:42:10.548,1775216530.548,2026-04-03T06:42:10.548-0500,118,1,2037
06:42:11.548,1775216531.548,2026-04-03T06:42:11.548-0500,119,1,2038
06:42:12.548,1775216532.548,2026-04-03T06:42:12.548-0500,120,1,2039
06:42:13.548,1775216533.548,2026-04-03T06:42:13.548-0500,121,1,2040
06:42:14.548,1775216534.548,2026-04-03T06:42:14.548-0500,122,1,2041
06:42:15.548,1775216535.548,2026-04-03T06:42:15.548-0500,122,1,2042
06:42:16.548,1775216536.548,2026-04-03T06:42:16.548-0500,123,1,2043
06:42:17.548,1775216537.548,2026-04-03T06:42:17.548-0500,124,1,2044
06:42:18.548,1775216538.548,2026-04-03T06:42:18.548-0500,125,1,2045
06:42:19.548,1775216539.548,2026-04-03T06:42:19.548-0500,126,1,2046
06:42:20.548,1775216540.548,2026-04-03T06:42:20.548-0500,124,1,2047
06:42:21.548,1775216541.548,2026-04-03T06:42:21.548-0500,123,1,2048
06:42:22.548,1775216542.548,2026-04-03T06:42:22.548-0500,121,1,2049
06:42:23.548,1775216543.548,2026-04-03T06:42:23.548-0500,120,1,2050
06:42:24.548,1775216544.548,2026-04-03T06:42:24.548-0500,118,1,2051
06:42:25.548,1775216545.548,2026-04-03T06:42:25.548-0500,117,1,2052
06:42:26.548,1775216546.548,2026-04-03T06:42:26.548-0500,116,1,2053
06:42:27.548,1775216547.548,2026-04-03T06:42:27.548-0500,116,1,2054
06:42:28.548,1775216548.548,2026-04-03T06:42:28.548-0500,115,1,2055
06:42:29.548,1775216549.548,2026-04-03T06:42:29.548-0500,114,1,2056
06:42:30.548,1775216550.548,2026-04-03T06:42:30.548-0500,114,1,2057
06:42:31.548,1775216551.548,2026-04-03T06:42:31.548-0500,114,1,2058
06:42:32.548,1775216552.548,2026-04-03T06:42:32.548-0500,115,1,2059
06:42:33.548,1775216553.548,2026-04-03T06:42:33.548-0500,115,1,2060
06:42:34.548,1775216554.548,2026-04-03T06:42:34.548-0500,116,1,2061
06:42:35.548,1775216555.548,2026-04-03T06:42:35.548-0500,117,1,2062
06:42:36.548,1775216556.548,2026-04-03T06:42:36.548-0500,117,1,2063
06:42:37.548,1775216557.548,2026-04-03T06:42:37.548-0500,117,1,2064
06:42:38.548,1775216558.548,2026-04-03T06:42:38.548-0500,116,1,2065
06:42:39.548,1775216559.548,2026-04-03T06:42:39.548-0500,116,1,2066
06:42:40.548,1775216560.548,2026-04-03T06:42:40.548-0500,116,1,2067
06:42:41.548,1775216561.548,2026-04-03T06:42:41.548-0500,116,1,2068
06:42:42.548,1775216562.548,2026-04-03T06:42:42.548-0500,117,1,2069
06:42:43.548,1775216563.548,2026-04-03T06:42:43.548-0500,117,1,2070
06:42:44.548,1775216564.548,2026-04-03T06:42:44.548-0500,118,1,2071
06:42:45.548,1775216565.548,2026-04-03T06:42:45.548-0500,118,1,2072
06:42:46.548,1775216566.548,2026-04-03T06:42:46.548-0500,119,1,2073
06:42:47.548,1775216567.548,2026-04-03T06:42:47.548-0500,120,1,2074
06:42:48.548,1775216568.548,2026-04-03T06:42:48.548-0500,121,1,2075
06:42:49.548,1775216569.548,2026-04-03T06:42:49.548-0500,122,1,2076
06:42:50.548,1775216570.548,2026-04-03T06:42:50.548-0500,123,1,2077
06:42:51.548,1775216571.548,2026-04-03T06:42:51.548-0500,123,1,2078
06:42:52.548,1775216572.548,2026-04-03T06:42:52.548-0500,123,1,2079
06:42:53.548,1775216573.548,2026-04-03T06:42:53.548-0500,124,1,2080
06:42:54.548,1775216574.548,2026-04-03T06:42:54.548-0500,124,1,2081
06:42:55.548,1775216575.548,2026-04-03T06:42:55.548-0500,124,1,2082
06:42:56.548,1775216576.548,2026-04-03T06:42:56.548-0500,123,1,2083
06:42:57.548,1775216577.548,2026-04-03T06:42:57.548-0500,122,1,2084
06:42:58.548,1775216578.548,2026-04-03T06:42:58.548-0500,120,1,2085
06:42:59.548,1775216579.548,2026-04-03T06:42:59.548-0500,119,1,2086
06:43:00.548,1775216580.548,2026-04-03T06:43:00.548-0500,118,1,2087
06:43:01.548,1775216581.548,2026-04-03T06:43:01.548-0500,117,1,2088
06:43:02.548,1775216582.548,2026-04-03T06:43:02.548-0500,115,1,2089
06:43:03.548,1775216583.548,2026-04-03T06:43:03.548-0500,114,1,2090
06:43:04.548,1775216584.548,2026-04-03T06:43:04.548-0500,113,1,2091
06:43:05.548,1775216585.548,2026-04-03T06:43:05.548-0500,112,1,2092
06:43:06.548,1775216586.548,2026-04-03T06:43:06.548-0500,110,1,2093
06:43:07.548,1775216587.548,2026-04-03T06:43:07.548-0500,109,1,2094
06:43:08.548,1775216588.548,2026-04-03T06:43:08.548-0500,107,1,2095
06:43:09.548,1775216589.548,2026-04-03T06:43:09.548-0500,106,1,2096
06:43:10.548,1775216590.548,2026-04-03T06:43:10.548-0500,106,1,2097
06:43:11.548,1775216591.548,2026-04-03T06:43:11.548-0500,107,1,2098
06:43:12.548,1775216592.548,2026-04-03T06:43:12.548-0500,107,1,2099
06:43:13.548,1775216593.548,2026-04-03T06:43:13.548-0500,108,1,2100
06:43:14.548,1775216594.548,2026-04-03T06:43:14.548-0500,108,1,2101
06:43:15.548,1775216595.548,2026-04-03T06:43:15.548-0500,109,1,2102
06:43:16.548,1775216596.548,2026-04-03T06:43:16.548-0500,109,1,2103
06:43:17.548,1775216597.548,2026-04-03T06:43:17.548-0500,110,1,2104
06:43:18.548,1775216598.548,2026-04-03T06:43:18.548-0500,110,1,2105
06:43:19.548,1775216599.548,2026-04-03T06:43:19.548-0500,111,1,2106
06:43:20.548,1775216600.548,2026-04-03T06:43:20.548-0500,111,1,2107
06:43:21.548,1775216601.548,2026-04-03T06:43:21.548-0500,112,1,2108
06:43:22.548,1775216602.548,2026-04-03T06:43:22.548-0500,112,1,2109
06:43:23.548,1775216603.548,2026-04-03T06:43:23.548-0500,112,1,2110
06:43:24.548,1775216604.548,2026-04-03T06:43:24.548-0500,112,1,2111
06:43:25.548,1775216605.548,2026-04-03T06:43:25.548-0500,112,1,2112
06:43:26.548,1775216606.548,2026-04-03T06:43:26.548-0500,112,1,2113
06:43:27.548,1775216607.548,2026-04-03T06:43:27.548-0500,112,1,2114
06:43:28.548,1775216608.548,2026-04-03T06:43:28.548-0500,112,1,2115
06:43:29.548,1775216609.548,2026-04-03T06:43:29.548-0500,112,1,2116
06:43:30.548,1775216610.548,2026-04-03T06:43:30.548-0500,113,1,2117
06:43:31.548,1775216611.548,2026-04-03T06:43:31.548-0500,113,1,2118
06:43:32.548,1775216612.548,2026-04-03T06:43:32.548-0500,113,1,2119
06:43:33.548,1775216613.548,2026-04-03T06:43:33.548-0500,113,1,2120
06:43:34.548,1775216614.548,2026-04-03T06:43:34.548-0500,113,1,2121
06:43:35.548,1775216615.548,2026-04-03T06:43:35.548-0500,113,1,2122
06:43:36.548,1775216616.548,2026-04-03T06:43:36.548-0500,113,1,2123
06:43:37.548,1775216617.548,2026-04-03T06:43:37.548-0500,113,1,2124
06:43:38.548,1775216618.548,2026-04-03T06:43:38.548-0500,113,1,2125
06:43:39.548,1775216619.548,2026-04-03T06:43:39.548-0500,113,1,2126
06:43:40.548,1775216620.548,2026-04-03T06:43:40.548-0500,113,1,2127
06:43:41.548,1775216621.548,2026-04-03T06:43:41.548-0500,113,1,2128
06:43:42.548,1775216622.548,2026-04-03T06:43:42.548-0500,112,1,2129
06:43:43.548,1775216623.548,2026-04-03T06:43:43.548-0500,112,1,2130
06:43:44.548,1775216624.548,2026-04-03T06:43:44.548-0500,112,1,2131
06:43:45.548,1775216625.548,2026-04-03T06:43:45.548-0500,111,1,2132
06:43:46.548,1775216626.548,2026-04-03T06:43:46.548-0500,111,1,2133
06:43:47.548,1775216627.548,2026-04-03T06:43:47.548-0500,111,1,2134
06:43:48.548,1775216628.548,2026-04-03T06:43:48.548-0500,110,1,2135
06:43:49.548,1775216629.548,2026-04-03T06:43:49.548-0500,110,1,2136
06:43:50.548,1775216630.548,2026-04-03T06:43:50.548-0500,110,1,2137
06:43:51.548,1775216631.548,2026-04-03T06:43:51.548-0500,110,1,2138
06:43:52.548,1775216632.548,2026-04-03T06:43:52.548-0500,110,1,2139
06:43:53.548,1775216633.548,2026-04-03T06:43:53.548-0500,110,1,2140
06:43:54.548,1775216634.548,2026-04-03T06:43:54.548-0500,110,1,2141
06:43:55.548,1775216635.548,2026-04-03T06:43:55.548-0500,109,1,2142
06:43:56.548,1775216636.548,2026-04-03T06:43:56.548-0500,109,1,2143
06:43:57.548,1775216637.548,2026-04-03T06:43:57.548-0500,109,1,2144
06:43:58.548,1775216638.548,2026-04-03T06:43:58.548-0500,109,1,2145
06:43:59.548,1775216639.548,2026-04-03T06:43:59.548-0500,108,1,2146
06:44:00.548,1775216640.548,2026-04-03T06:44:00.548-0500,108,1,2147
06:44:01.548,1775216641.548,2026-04-03T06:44:01.548-0500,108,1,2148
06:44:02.548,1775216642.548,2026-04-03T06:44:02.548-0500,108,1,2149
06:44:03.548,1775216643.548,2026-04-03T06:44:03.548-0500,108,1,2150
06:44:04.548,1775216644.548,2026-04-03T06:44:04.548-0500,108,1,2151
06:44:05.548,1775216645.548,2026-04-03T06:44:05.548-0500,108,1,2152
06:44:06.548,1775216646.548,2026-04-03T06:44:06.548-0500,108,1,2153
06:44:07.548,1775216647.548,2026-04-03T06:44:07.548-0500,108,1,2154
06:44:08.548,1775216648.548,2026-04-03T06:44:08.548-0500,108,1,2155
06:44:09.548,1775216649.548,2026-04-03T06:44:09.548-0500,108,1,2156
06:44:10.548,1775216650.548,2026-04-03T06:44:10.548-0500,108,1,2157
06:44:11.548,1775216651.548,2026-04-03T06:44:11.548-0500,108,1,2158
06:44:12.548,1775216652.548,2026-04-03T06:44:12.548-0500,108,1,2159
06:44:13.548,1775216653.548,2026-04-03T06:44:13.548-0500,108,1,2160
06:44:14.548,1775216654.548,2026-04-03T06:44:14.548-0500,108,1,2161
06:44:15.548,1775216655.548,2026-04-03T06:44:15.548-0500,108,1,2162
06:44:16.548,1775216656.548,2026-04-03T06:44:16.548-0500,108,1,2163
06:44:17.548,1775216657.548,2026-04-03T06:44:17.548-0500,108,1,2164
06:44:18.548,1775216658.548,2026-04-03T06:44:18.548-0500,108,1,2165
06:44:19.548,1775216659.548,2026-04-03T06:44:19.548-0500,108,1,2166
06:44:20.548,1775216660.548,2026-04-03T06:44:20.548-0500,109,1,2167
06:44:21.548,1775216661.548,2026-04-03T06:44:21.548-0500,109,1,2168
06:44:22.548,1775216662.548,2026-04-03T06:44:22.548-0500,109,1,2169
06:44:23.548,1775216663.548,2026-04-03T06:44:23.548-0500,109,1,2170
06:44:24.548,1775216664.548,2026-04-03T06:44:24.548-0500,109,1,2171
06:44:25.548,1775216665.548,2026-04-03T06:44:25.548-0500,108,1,2172
06:44:26.548,1775216666.548,2026-04-03T06:44:26.548-0500,108,1,2173
06:44:27.548,1775216667.548,2026-04-03T06:44:27.548-0500,108,1,2174
06:44:28.548,1775216668.548,2026-04-03T06:44:28.548-0500,108,1,2175
06:44:29.548,1775216669.548,2026-04-03T06:44:29.548-0500,109,1,2176
06:44:30.548,1775216670.548,2026-04-03T06:44:30.548-0500,109,1,2177
06:44:31.548,1775216671.548,2026-04-03T06:44:31.548-0500,109,1,2178
06:44:32.548,1775216672.548,2026-04-03T06:44:32.548-0500,108,1,2179
06:44:33.548,1775216673.548,2026-04-03T06:44:33.548-0500,108,1,2180
06:44:34.548,1775216674.548,2026-04-03T06:44:34.548-0500,107,1,2181
06:44:35.548,1775216675.548,2026-04-03T06:44:35.548-0500,107,1,2182
06:44:36.548,1775216676.548,2026-04-03T06:44:36.548-0500,107,1,2183
06:44:37.548,1775216677.548,2026-04-03T06:44:37.548-0500,107,1,2184
06:44:38.548,1775216678.548,2026-04-03T06:44:38.548-0500,108,1,2185
06:44:39.548,1775216679.548,2026-04-03T06:44:39.548-0500,108,1,2186
06:44:40.548,1775216680.548,2026-04-03T06:44:40.548-0500,108,1,2187
06:44:41.548,1775216681.548,2026-04-03T06:44:41.548-0500,108,1,2188
06:44:42.548,1775216682.548,2026-04-03T06:44:42.548-0500,109,1,2189
06:44:43.548,1775216683.548,2026-04-03T06:44:43.548-0500,109,1,2190
06:44:44.548,1775216684.548,2026-04-03T06:44:44.548-0500,109,1,2191
06:44:45.548,1775216685.548,2026-04-03T06:44:45.548-0500,108,1,2192
06:44:46.548,1775216686.548,2026-04-03T06:44:46.548-0500,107,1,2193
06:44:47.548,1775216687.548,2026-04-03T06:44:47.548-0500,107,1,2194
06:44:48.548,1775216688.548,2026-04-03T06:44:48.548-0500,106,1,2195
06:44:49.548,1775216689.548,2026-04-03T06:44:49.548-0500,105,1,2196
06:44:50.548,1775216690.548,2026-04-03T06:44:50.548-0500,105,1,2197
06:44:51.548,1775216691.548,2026-04-03T06:44:51.548-0500,106,1,2198
06:44:52.548,1775216692.548,2026-04-03T06:44:52.548-0500,106,1,2199
06:44:53.548,1775216693.548,2026-04-03T06:44:53.548-0500,107,1,2200
06:44:54.548,1775216694.548,2026-04-03T06:44:54.548-0500,107,1,2201
06:44:55.548,1775216695.548,2026-04-03T06:44:55.548-0500,108,1,2202
06:44:56.548,1775216696.548,2026-04-03T06:44:56.548-0500,108,1,2203
06:44:57.548,1775216697.548,2026-04-03T06:44:57.548-0500,108,1,2204
06:44:58.548,1775216698.548,2026-04-03T06:44:58.548-0500,108,1,2205
06:44:59.548,1775216699.548,2026-04-03T06:44:59.548-0500,107,1,2206
06:45:00.548,1775216700.548,2026-04-03T06:45:00.548-0500,107,1,2207
06:45:01.548,1775216701.548,2026-04-03T06:45:01.548-0500,107,1,2208
06:45:02.548,1775216702.548,2026-04-03T06:45:02.548-0500,106,1,2209
06:45:03.548,1775216703.548,2026-04-03T06:45:03.548-0500,106,1,2210
06:45:04.548,1775216704.548,2026-04-03T06:45:04.548-0500,105,1,2211
06:45:05.548,1775216705.548,2026-04-03T06:45:05.548-0500,105,1,2212
06:45:06.548,1775216706.548,2026-04-03T06:45:06.548-0500,105,1,2213
06:45:07.548,1775216707.548,2026-04-03T06:45:07.548-0500,105,1,2214
06:45:08.548,1775216708.548,2026-04-03T06:45:08.548-0500,105,1,2215
06:45:09.548,1775216709.548,2026-04-03T06:45:09.548-0500,105,1,2216
06:45:10.548,1775216710.548,2026-04-03T06:45:10.548-0500,106,1,2217
06:45:11.548,1775216711.548,2026-04-03T06:45:11.548-0500,106,1,2218
06:45:12.548,1775216712.548,2026-04-03T06:45:12.548-0500,106,1,2219
06:45:13.548,1775216713.548,2026-04-03T06:45:13.548-0500,106,1,2220
06:45:14.548,1775216714.548,2026-04-03T06:45:14.548-0500,106,1,2221
06:45:15.548,1775216715.548,2026-04-03T06:45:15.548-0500,106,1,2222
06:45:16.548,1775216716.548,2026-04-03T06:45:16.548-0500,106,1,2223
06:45:17.548,1775216717.548,2026-04-03T06:45:17.548-0500,106,1,2224
06:45:18.548,1775216718.548,2026-04-03T06:45:18.548-0500,106,1,2225
06:45:19.548,1775216719.548,2026-04-03T06:45:19.548-0500,106,1,2226
06:45:20.548,1775216720.548,2026-04-03T06:45:20.548-0500,106,1,2227
06:45:21.548,1775216721.548,2026-04-03T06:45:21.548-0500,105,1,2228
06:45:22.548,1775216722.548,2026-04-03T06:45:22.548-0500,105,1,2229
06:45:23.548,1775216723.548,2026-04-03T06:45:23.548-0500,105,1,2230
06:45:24.548,1775216724.548,2026-04-03T06:45:24.548-0500,105,1,2231
06:45:25.548,1775216725.548,2026-04-03T06:45:25.548-0500,105,1,2232
06:45:26.548,1775216726.548,2026-04-03T06:45:26.548-0500,105,1,2233
06:45:27.548,1775216727.548,2026-04-03T06:45:27.548-0500,105,1,2234
06:45:28.548,1775216728.548,2026-04-03T06:45:28.548-0500,105,1,2235
06:45:29.548,1775216729.548,2026-04-03T06:45:29.548-0500,105,1,2236
06:45:30.548,1775216730.548,2026-04-03T06:45:30.548-0500,106,1,2237
06:45:31.548,1775216731.548,2026-04-03T06:45:31.548-0500,106,1,2238
06:45:32.548,1775216732.548,2026-04-03T06:45:32.548-0500,106,1,2239
06:45:33.548,1775216733.548,2026-04-03T06:45:33.548-0500,105,1,2240
06:45:34.548,1775216734.548,2026-04-03T06:45:34.548-0500,105,1,2241
06:45:35.548,1775216735.548,2026-04-03T06:45:35.548-0500,105,1,2242
06:45:36.548,1775216736.548,2026-04-03T06:45:36.548-0500,105,1,2243
06:45:37.548,1775216737.548,2026-04-03T06:45:37.548-0500,105,1,2244
06:45:38.548,1775216738.548,2026-04-03T06:45:38.548-0500,105,1,2245
06:45:39.548,1775216739.548,2026-04-03T06:45:39.548-0500,105,1,2246
06:45:40.548,1775216740.548,2026-04-03T06:45:40.548-0500,105,1,2247
06:45:41.548,1775216741.548,2026-04-03T06:45:41.548-0500,105,1,2248
06:45:42.548,1775216742.548,2026-04-03T06:45:42.548-0500,105,1,2249
06:45:43.548,1775216743.548,2026-04-03T06:45:43.548-0500,105,1,2250
06:45:44.548,1775216744.548,2026-04-03T06:45:44.548-0500,105,1,2251
06:45:45.548,1775216745.548,2026-04-03T06:45:45.548-0500,105,1,2252
06:45:46.548,1775216746.548,2026-04-03T06:45:46.548-0500,105,1,2253
06:45:47.548,1775216747.548,2026-04-03T06:45:47.548-0500,105,1,2254
06:45:48.548,1775216748.548,2026-04-03T06:45:48.548-0500,105,1,2255
06:45:49.548,1775216749.548,2026-04-03T06:45:49.548-0500,105,1,2256
06:45:50.548,1775216750.548,2026-04-03T06:45:50.548-0500,105,1,2257
06:45:51.548,1775216751.548,2026-04-03T06:45:51.548-0500,106,1,2258
06:45:52.548,1775216752.548,2026-04-03T06:45:52.548-0500,106,1,2259
06:45:53.548,1775216753.548,2026-04-03T06:45:53.548-0500,107,1,2260
06:45:54.548,1775216754.548,2026-04-03T06:45:54.548-0500,107,1,2261
06:45:55.548,1775216755.548,2026-04-03T06:45:55.548-0500,108,1,2262
06:45:56.548,1775216756.548,2026-04-03T06:45:56.548-0500,109,1,2263
06:45:57.548,1775216757.548,2026-04-03T06:45:57.548-0500,110,1,2264
06:45:58.548,1775216758.548,2026-04-03T06:45:58.548-0500,111,1,2265
06:45:59.548,1775216759.548,2026-04-03T06:45:59.548-0500,112,1,2266
06:46:00.548,1775216760.548,2026-04-03T06:46:00.548-0500,113,1,2267
06:46:01.548,1775216761.548,2026-04-03T06:46:01.548-0500,114,1,2268
06:46:02.548,1775216762.548,2026-04-03T06:46:02.548-0500,114,1,2269
06:46:03.548,1775216763.548,2026-04-03T06:46:03.548-0500,115,1,2270
06:46:04.548,1775216764.548,2026-04-03T06:46:04.548-0500,115,1,2271
06:46:05.548,1775216765.548,2026-04-03T06:46:05.548-0500,116,1,2272
06:46:06.548,1775216766.548,2026-04-03T06:46:06.548-0500,116,1,2273
06:46:07.548,1775216767.548,2026-04-03T06:46:07.548-0500,117,1,2274
06:46:08.548,1775216768.548,2026-04-03T06:46:08.548-0500,117,1,2275
06:46:09.548,1775216769.548,2026-04-03T06:46:09.548-0500,118,1,2276
06:46:10.548,1775216770.548,2026-04-03T06:46:10.548-0500,118,1,2277
06:46:11.548,1775216771.548,2026-04-03T06:46:11.548-0500,119,1,2278
06:46:12.548,1775216772.548,2026-04-03T06:46:12.548-0500,119,1,2279
06:46:13.548,1775216773.548,2026-04-03T06:46:13.548-0500,120,1,2280
06:46:14.548,1775216774.548,2026-04-03T06:46:14.548-0500,120,1,2281
06:46:15.548,1775216775.548,2026-04-03T06:46:15.548-0500,121,1,2282
06:46:26.548,1775216786.548,2026-04-03T06:46:26.548-0500,124,1,2293
06:46:27.548,1775216787.548,2026-04-03T06:46:27.548-0500,124,1,2294
06:46:28.548,1775216788.548,2026-04-03T06:46:28.548-0500,124,1,2295
06:46:29.548,1775216789.548,2026-04-03T06:46:29.548-0500,124,1,2296
06:46:30.548,1775216790.548,2026-04-03T06:46:30.548-0500,123,1,2297
06:46:31.548,1775216791.548,2026-04-03T06:46:31.548-0500,123,1,2298
06:46:32.548,1775216792.548,2026-04-03T06:46:32.548-0500,123,1,2299
06:46:33.548,1775216793.548,2026-04-03T06:46:33.548-0500,123,1,2300
06:46:34.548,1775216794.548,2026-04-03T06:46:34.548-0500,123,1,2301
06:46:35.548,1775216795.548,2026-04-03T06:46:35.548-0500,121,1,2302
06:46:36.548,1775216796.548,2026-04-03T06:46:36.548-0500,119,1,2303
06:46:37.548,1775216797.548,2026-04-03T06:46:37.548-0500,118,1,2304
06:46:38.548,1775216798.548,2026-04-03T06:46:38.548-0500,116,1,2305
06:46:39.548,1775216799.548,2026-04-03T06:46:39.548-0500,114,1,2306
06:46:40.548,1775216800.548,2026-04-03T06:46:40.548-0500,114,1,2307
06:46:41.548,1775216801.548,2026-04-03T06:46:41.548-0500,113,1,2308
06:46:42.548,1775216802.548,2026-04-03T06:46:42.548-0500,113,1,2309
06:46:43.548,1775216803.548,2026-04-03T06:46:43.548-0500,112,1,2310
06:46:44.548,1775216804.548,2026-04-03T06:46:44.548-0500,112,1,2311
06:46:45.548,1775216805.548,2026-04-03T06:46:45.548-0500,111,1,2312
06:46:46.548,1775216806.548,2026-04-03T06:46:46.548-0500,111,1,2313
06:46:47.548,1775216807.548,2026-04-03T06:46:47.548-0500,111,1,2314
06:46:48.548,1775216808.548,2026-04-03T06:46:48.548-0500,111,1,2315
06:46:49.548,1775216809.548,2026-04-03T06:46:49.548-0500,111,1,2316
06:46:50.548,1775216810.548,2026-04-03T06:46:50.548-0500,111,1,2317
06:46:51.548,1775216811.548,2026-04-03T06:46:51.548-0500,111,1,2318
06:46:52.548,1775216812.548,2026-04-03T06:46:52.548-0500,111,1,2319
06:46:53.548,1775216813.548,2026-04-03T06:46:53.548-0500,111,1,2320
06:46:54.548,1775216814.548,2026-04-03T06:46:54.548-0500,111,1,2321
06:46:55.548,1775216815.548,2026-04-03T06:46:55.548-0500,110,1,2322
06:46:56.548,1775216816.548,2026-04-03T06:46:56.548-0500,110,1,2323
06:46:57.548,1775216817.548,2026-04-03T06:46:57.548-0500,110,1,2324
06:46:58.548,1775216818.548,2026-04-03T06:46:58.548-0500,110,1,2325
06:46:59.548,1775216819.548,2026-04-03T06:46:59.548-0500,110,1,2326
06:47:00.548,1775216820.548,2026-04-03T06:47:00.548-0500,111,1,2327
06:47:01.548,1775216821.548,2026-04-03T06:47:01.548-0500,111,1,2328
06:47:02.548,1775216822.548,2026-04-03T06:47:02.548-0500,110,1,2329
06:47:03.548,1775216823.548,2026-04-03T06:47:03.548-0500,110,1,2330
06:47:04.548,1775216824.548,2026-04-03T06:47:04.548-0500,110,1,2331
06:47:05.548,1775216825.548,2026-04-03T06:47:05.548-0500,109,1,2332
06:47:06.548,1775216826.548,2026-04-03T06:47:06.548-0500,109,1,2333
06:47:07.548,1775216827.548,2026-04-03T06:47:07.548-0500,109,1,2334
06:47:08.548,1775216828.548,2026-04-03T06:47:08.548-0500,108,1,2335
06:47:09.548,1775216829.548,2026-04-03T06:47:09.548-0500,108,1,2336
06:47:10.548,1775216830.548,2026-04-03T06:47:10.548-0500,108,1,2337
06:47:11.548,1775216831.548,2026-04-03T06:47:11.548-0500,108,1,2338
06:47:12.548,1775216832.548,2026-04-03T06:47:12.548-0500,108,1,2339
06:47:13.548,1775216833.548,2026-04-03T06:47:13.548-0500,109,1,2340
06:47:14.548,1775216834.548,2026-04-03T06:47:14.548-0500,109,1,2341
06:47:15.548,1775216835.548,2026-04-03T06:47:15.548-0500,109,1,2342
06:47:16.548,1775216836.548,2026-04-03T06:47:16.548-0500,109,1,2343
06:47:17.548,1775216837.548,2026-04-03T06:47:17.548-0500,109,1,2344
06:47:18.548,1775216838.548,2026-04-03T06:47:18.548-0500,110,1,2345
06:47:19.548,1775216839.548,2026-04-03T06:47:19.548-0500,110,1,2346
06:47:20.548,1775216840.548,2026-04-03T06:47:20.548-0500,111,1,2347
06:47:21.548,1775216841.548,2026-04-03T06:47:21.548-0500,111,1,2348
06:47:22.548,1775216842.548,2026-04-03T06:47:22.548-0500,111,1,2349
06:47:23.548,1775216843.548,2026-04-03T06:47:23.548-0500,110,1,2350
06:47:24.548,1775216844.548,2026-04-03T06:47:24.548-0500,110,1,2351
06:47:25.548,1775216845.548,2026-04-03T06:47:25.548-0500,109,1,2352
06:47:26.548,1775216846.548,2026-04-03T06:47:26.548-0500,109,1,2353
06:47:27.548,1775216847.548,2026-04-03T06:47:27.548-0500,108,1,2354
06:47:28.548,1775216848.548,2026-04-03T06:47:28.548-0500,108,1,2355
06:47:29.548,1775216849.548,2026-04-03T06:47:29.548-0500,107,1,2356
06:47:30.548,1775216850.548,2026-04-03T06:47:30.548-0500,106,1,2357
06:47:31.548,1775216851.548,2026-04-03T06:47:31.548-0500,106,1,2358
06:47:32.548,1775216852.548,2026-04-03T06:47:32.548-0500,105,1,2359
06:47:33.548,1775216853.548,2026-04-03T06:47:33.548-0500,104,1,2360
06:47:34.548,1775216854.548,2026-04-03T06:47:34.548-0500,103,1,2361
06:47:35.548,1775216855.548,2026-04-03T06:47:35.548-0500,102,1,2362
06:47:36.548,1775216856.548,2026-04-03T06:47:36.548-0500,102,1,2363
06:47:37.548,1775216857.548,2026-04-03T06:47:37.548-0500,101,1,2364
06:47:38.548,1775216858.548,2026-04-03T06:47:38.548-0500,101,1,2365
06:47:39.548,1775216859.548,2026-04-03T06:47:39.548-0500,100,1,2366
06:47:40.548,1775216860.548,2026-04-03T06:47:40.548-0500,100,1,2367
06:47:41.548,1775216861.548,2026-04-03T06:47:41.548-0500,99,1,2368
06:47:42.548,1775216862.548,2026-04-03T06:47:42.548-0500,99,1,2369
06:47:43.548,1775216863.548,2026-04-03T06:47:43.548-0500,99,1,2370
06:47:44.548,1775216864.548,2026-04-03T06:47:44.548-0500,99,1,2371
06:47:45.548,1775216865.548,2026-04-03T06:47:45.548-0500,99,1,2372
06:47:46.548,1775216866.548,2026-04-03T06:47:46.548-0500,99,1,2373
06:47:47.548,1775216867.548,2026-04-03T06:47:47.548-0500,99,1,2374
06:47:48.548,1775216868.548,2026-04-03T06:47:48.548-0500,99,1,2375
06:47:49.548,1775216869.548,2026-04-03T06:47:49.548-0500,99,1,2376
06:47:50.548,1775216870.548,2026-04-03T06:47:50.548-0500,100,1,2377
06:47:51.548,1775216871.548,2026-04-03T06:47:51.548-0500,100,1,2378
06:47:52.548,1775216872.548,2026-04-03T06:47:52.548-0500,100,1,2379
06:47:53.548,1775216873.548,2026-04-03T06:47:53.548-0500,101,1,2380
06:47:54.548,1775216874.548,2026-04-03T06:47:54.548-0500,101,1,2381
06:47:55.548,1775216875.548,2026-04-03T06:47:55.548-0500,101,1,2382
06:47:56.548,1775216876.548,2026-04-03T06:47:56.548-0500,102,1,2383
06:47:57.548,1775216877.548,2026-04-03T06:47:57.548-0500,103,1,2384
06:47:58.548,1775216878.548,2026-04-03T06:47:58.548-0500,103,1,2385
06:47:59.548,1775216879.548,2026-04-03T06:47:59.548-0500,104,1,2386
06:48:00.548,1775216880.548,2026-04-03T06:48:00.548-0500,105,1,2387
06:48:01.548,1775216881.548,2026-04-03T06:48:01.548-0500,105,1,2388
06:48:02.548,1775216882.548,2026-04-03T06:48:02.548-0500,105,1,2389
06:48:03.548,1775216883.548,2026-04-03T06:48:03.548-0500,105,1,2390
06:48:04.548,1775216884.548,2026-04-03T06:48:04.548-0500,105,1,2391
06:48:05.548,1775216885.548,2026-04-03T06:48:05.548-0500,105,1,2392
06:48:06.548,1775216886.548,2026-04-03T06:48:06.548-0500,106,1,2393
06:48:07.548,1775216887.548,2026-04-03T06:48:07.548-0500,106,1,2394
06:48:08.548,1775216888.548,2026-04-03T06:48:08.548-0500,107,1,2395
06:48:09.548,1775216889.548,2026-04-03T06:48:09.548-0500,108,1,2396
06:48:10.548,1775216890.548,2026-04-03T06:48:10.548-0500,109,1,2397
06:48:11.548,1775216891.548,2026-04-03T06:48:11.548-0500,109,1,2398
06:48:12.548,1775216892.548,2026-04-03T06:48:12.548-0500,110,1,2399
06:48:13.548,1775216893.548,2026-04-03T06:48:13.548-0500,110,1,2400
06:48:14.548,1775216894.548,2026-04-03T06:48:14.548-0500,111,1,2401
06:48:15.548,1775216895.548,2026-04-03T06:48:15.548-0500,111,1,2402
06:48:16.548,1775216896.548,2026-04-03T06:48:16.548-0500,112,1,2403
06:48:17.548,1775216897.548,2026-04-03T06:48:17.548-0500,112,1,2404
06:48:18.548,1775216898.548,2026-04-03T06:48:18.548-0500,113,1,2405
06:48:19.548,1775216899.548,2026-04-03T06:48:19.548-0500,113,1,2406
06:48:20.548,1775216900.548,2026-04-03T06:48:20.548-0500,114,1,2407
06:48:21.548,1775216901.548,2026-04-03T06:48:21.548-0500,114,1,2408
06:48:22.548,1775216902.548,2026-04-03T06:48:22.548-0500,115,1,2409
06:48:23.548,1775216903.548,2026-04-03T06:48:23.548-0500,115,1,2410
06:48:24.548,1775216904.548,2026-04-03T06:48:24.548-0500,116,1,2411
06:48:25.548,1775216905.548,2026-04-03T06:48:25.548-0500,116,1,2412
06:48:26.548,1775216906.548,2026-04-03T06:48:26.548-0500,117,1,2413
06:48:27.548,1775216907.548,2026-04-03T06:48:27.548-0500,117,1,2414
06:48:28.548,1775216908.548,2026-04-03T06:48:28.548-0500,118,1,2415
06:48:29.548,1775216909.548,2026-04-03T06:48:29.548-0500,118,1,2416
06:48:30.548,1775216910.548,2026-04-03T06:48:30.548-0500,119,1,2417
06:48:31.548,1775216911.548,2026-04-03T06:48:31.548-0500,118,1,2418
06:48:32.548,1775216912.548,2026-04-03T06:48:32.548-0500,117,1,2419
06:48:33.548,1775216913.548,2026-04-03T06:48:33.548-0500,116,1,2420
06:48:34.548,1775216914.548,2026-04-03T06:48:34.548-0500,115,1,2421
06:48:35.548,1775216915.548,2026-04-03T06:48:35.548-0500,113,1,2422
06:48:36.548,1775216916.548,2026-04-03T06:48:36.548-0500,112,1,2423
06:48:37.548,1775216917.548,2026-04-03T06:48:37.548-0500,111,1,2424
06:48:38.548,1775216918.548,2026-04-03T06:48:38.548-0500,110,1,2425
06:48:39.548,1775216919.548,2026-04-03T06:48:39.548-0500,109,1,2426
06:48:40.548,1775216920.548,2026-04-03T06:48:40.548-0500,108,1,2427
06:48:41.548,1775216921.548,2026-04-03T06:48:41.548-0500,107,1,2428
06:48:42.548,1775216922.548,2026-04-03T06:48:42.548-0500,105,1,2429
06:48:43.548,1775216923.548,2026-04-03T06:48:43.548-0500,104,1,2430
06:48:44.548,1775216924.548,2026-04-03T06:48:44.548-0500,103,1,2431
06:48:45.548,1775216925.548,2026-04-03T06:48:45.548-0500,104,1,2432
06:48:46.548,1775216926.548,2026-04-03T06:48:46.548-0500,105,1,2433
06:48:47.548,1775216927.548,2026-04-03T06:48:47.548-0500,106,1,2434
06:48:48.548,1775216928.548,2026-04-03T06:48:48.548-0500,106,1,2435
06:48:49.548,1775216929.548,2026-04-03T06:48:49.548-0500,107,1,2436
06:48:50.548,1775216930.548,2026-04-03T06:48:50.548-0500,107,1,2437
06:48:51.548,1775216931.548,2026-04-03T06:48:51.548-0500,108,1,2438
06:48:52.548,1775216932.548,2026-04-03T06:48:52.548-0500,108,1,2439
06:48:53.548,1775216933.548,2026-04-03T06:48:53.548-0500,109,1,2440
06:48:54.548,1775216934.548,2026-04-03T06:48:54.548-0500,109,1,2441
06:48:55.548,1775216935.548,2026-04-03T06:48:55.548-0500,109,1,2442
06:48:56.548,1775216936.548,2026-04-03T06:48:56.548-0500,109,1,2443
06:48:57.548,1775216937.548,2026-04-03T06:48:57.548-0500,109,1,2444
06:48:58.548,1775216938.548,2026-04-03T06:48:58.548-0500,109,1,2445
06:48:59.548,1775216939.548,2026-04-03T06:48:59.548-0500,109,1,2446
06:49:00.548,1775216940.548,2026-04-03T06:49:00.548-0500,109,1,2447
06:49:01.548,1775216941.548,2026-04-03T06:49:01.548-0500,109,1,2448
06:49:02.548,1775216942.548,2026-04-03T06:49:02.548-0500,109,1,2449
06:49:03.548,1775216943.548,2026-04-03T06:49:03.548-0500,109,1,2450
06:49:04.548,1775216944.548,2026-04-03T06:49:04.548-0500,109,1,2451
06:49:05.548,1775216945.548,2026-04-03T06:49:05.548-0500,109,1,2452
06:49:06.548,1775216946.548,2026-04-03T06:49:06.548-0500,109,1,2453
06:49:07.548,1775216947.548,2026-04-03T06:49:07.548-0500,108,1,2454
06:49:08.548,1775216948.548,2026-04-03T06:49:08.548-0500,108,1,2455
06:49:09.548,1775216949.548,2026-04-03T06:49:09.548-0500,108,1,2456
06:49:10.548,1775216950.548,2026-04-03T06:49:10.548-0500,108,1,2457
06:49:11.548,1775216951.548,2026-04-03T06:49:11.548-0500,107,1,2458
06:49:12.548,1775216952.548,2026-04-03T06:49:12.548-0500,106,1,2459
06:49:13.548,1775216953.548,2026-04-03T06:49:13.548-0500,105,1,2460
06:49:14.548,1775216954.548,2026-04-03T06:49:14.548-0500,104,1,2461
06:49:15.548,1775216955.548,2026-04-03T06:49:15.548-0500,103,1,2462
06:49:16.548,1775216956.548,2026-04-03T06:49:16.548-0500,102,1,2463
06:49:17.548,1775216957.548,2026-04-03T06:49:17.548-0500,102,1,2464
06:49:18.548,1775216958.548,2026-04-03T06:49:18.548-0500,102,1,2465
06:49:19.548,1775216959.548,2026-04-03T06:49:19.548-0500,102,1,2466
06:49:20.548,1775216960.548,2026-04-03T06:49:20.548-0500,102,1,2467
06:49:21.548,1775216961.548,2026-04-03T06:49:21.548-0500,101,1,2468
06:49:22.548,1775216962.548,2026-04-03T06:49:22.548-0500,101,1,2469
06:49:23.548,1775216963.548,2026-04-03T06:49:23.548-0500,101,1,2470
06:49:24.548,1775216964.548,2026-04-03T06:49:24.548-0500,101,1,2471
06:49:25.548,1775216965.548,2026-04-03T06:49:25.548-0500,101,1,2472
06:49:26.548,1775216966.548,2026-04-03T06:49:26.548-0500,101,1,2473
06:49:27.548,1775216967.548,2026-04-03T06:49:27.548-0500,101,1,2474
06:49:28.548,1775216968.548,2026-04-03T06:49:28.548-0500,101,1,2475
06:49:29.548,1775216969.548,2026-04-03T06:49:29.548-0500,101,1,2476
06:49:30.548,1775216970.548,2026-04-03T06:49:30.548-0500,102,1,2477
06:49:31.548,1775216971.548,2026-04-03T06:49:31.548-0500,102,1,2478
06:49:32.548,1775216972.548,2026-04-03T06:49:32.548-0500,102,1,2479
06:49:33.548,1775216973.548,2026-04-03T06:49:33.548-0500,102,1,2480
06:49:34.548,1775216974.548,2026-04-03T06:49:34.548-0500,102,1,2481
06:49:35.548,1775216975.548,2026-04-03T06:49:35.548-0500,102,1,2482
06:49:36.548,1775216976.548,2026-04-03T06:49:36.548-0500,101,1,2483
06:49:37.548,1775216977.548,2026-04-03T06:49:37.548-0500,101,1,2484
06:49:38.548,1775216978.548,2026-04-03T06:49:38.548-0500,100,1,2485
06:49:39.548,1775216979.548,2026-04-03T06:49:39.548-0500,100,1,2486
06:49:40.548,1775216980.548,2026-04-03T06:49:40.548-0500,100,1,2487
06:49:41.548,1775216981.548,2026-04-03T06:49:41.548-0500,99,1,2488
06:49:42.548,1775216982.548,2026-04-03T06:49:42.548-0500,99,1,2489
06:49:43.548,1775216983.548,2026-04-03T06:49:43.548-0500,99,1,2490
06:49:44.548,1775216984.548,2026-04-03T06:49:44.548-0500,99,1,2491
06:49:45.548,1775216985.548,2026-04-03T06:49:45.548-0500,99,1,2492
06:49:46.548,1775216986.548,2026-04-03T06:49:46.548-0500,99,1,2493
06:49:47.548,1775216987.548,2026-04-03T06:49:47.548-0500,99,1,2494
06:49:48.548,1775216988.548,2026-04-03T06:49:48.548-0500,99,1,2495
06:49:49.548,1775216989.548,2026-04-03T06:49:49.548-0500,100,1,2496
06:49:50.548,1775216990.548,2026-04-03T06:49:50.548-0500,100,1,2497
06:49:51.548,1775216991.548,2026-04-03T06:49:51.548-0500,100,1,2498
06:49:52.548,1775216992.548,2026-04-03T06:49:52.548-0500,100,1,2499
06:49:53.548,1775216993.548,2026-04-03T06:49:53.548-0500,100,1,2500
06:49:54.548,1775216994.548,2026-04-03T06:49:54.548-0500,100,1,2501
06:49:55.548,1775216995.548,2026-04-03T06:49:55.548-0500,100,1,2502
06:49:56.548,1775216996.548,2026-04-03T06:49:56.548-0500,100,1,2503
06:49:57.548,1775216997.548,2026-04-03T06:49:57.548-0500,100,1,2504
06:49:58.548,1775216998.548,2026-04-03T06:49:58.548-0500,101,1,2505
06:49:59.548,1775216999.548,2026-04-03T06:49:59.548-0500,101,1,2506
06:50:00.548,1775217000.548,2026-04-03T06:50:00.548-0500,102,1,2507
06:50:01.548,1775217001.548,2026-04-03T06:50:01.548-0500,102,1,2508
06:50:02.548,1775217002.548,2026-04-03T06:50:02.548-0500,103,1,2509
06:50:03.548,1775217003.548,2026-04-03T06:50:03.548-0500,103,1,2510
06:50:04.548,1775217004.548,2026-04-03T06:50:04.548-0500,104,1,2511
06:50:05.548,1775217005.548,2026-04-03T06:50:05.548-0500,104,1,2512
06:50:06.548,1775217006.548,2026-04-03T06:50:06.548-0500,104,1,2513
06:50:07.548,1775217007.548,2026-04-03T06:50:07.548-0500,105,1,2514
06:50:08.548,1775217008.548,2026-04-03T06:50:08.548-0500,105,1,2515
06:50:09.548,1775217009.548,2026-04-03T06:50:09.548-0500,106,1,2516
06:50:10.548,1775217010.548,2026-04-03T06:50:10.548-0500,106,1,2517
06:50:11.548,1775217011.548,2026-04-03T06:50:11.548-0500,107,1,2518
06:50:12.548,1775217012.548,2026-04-03T06:50:12.548-0500,108,1,2519
06:50:13.548,1775217013.548,2026-04-03T06:50:13.548-0500,109,1,2520
06:50:14.548,1775217014.548,2026-04-03T06:50:14.548-0500,110,1,2521
06:50:15.548,1775217015.548,2026-04-03T06:50:15.548-0500,111,1,2522
06:50:16.548,1775217016.548,2026-04-03T06:50:16.548-0500,112,1,2523
06:50:17.548,1775217017.548,2026-04-03T06:50:17.548-0500,113,1,2524
06:50:18.548,1775217018.548,2026-04-03T06:50:18.548-0500,114,1,2525
06:50:19.548,1775217019.548,2026-04-03T06:50:19.548-0500,115,1,2526
06:50:20.548,1775217020.548,2026-04-03T06:50:20.548-0500,116,1,2527
06:50:21.548,1775217021.548,2026-04-03T06:50:21.548-0500,117,1,2528
06:50:22.548,1775217022.548,2026-04-03T06:50:22.548-0500,118,1,2529
06:50:23.548,1775217023.548,2026-04-03T06:50:23.548-0500,119,1,2530
06:50:24.548,1775217024.548,2026-04-03T06:50:24.548-0500,119,1,2531
06:50:25.548,1775217025.548,2026-04-03T06:50:25.548-0500,119,1,2532
06:50:26.548,1775217026.548,2026-04-03T06:50:26.548-0500,119,1,2533
06:50:27.548,1775217027.548,2026-04-03T06:50:27.548-0500,119,1,2534
06:50:28.548,1775217028.548,2026-04-03T06:50:28.548-0500,119,1,2535
06:50:29.548,1775217029.548,2026-04-03T06:50:29.548-0500,119,1,2536
06:50:30.548,1775217030.548,2026-04-03T06:50:30.548-0500,118,1,2537
06:50:31.548,1775217031.548,2026-04-03T06:50:31.548-0500,118,1,2538
06:50:32.548,1775217032.548,2026-04-03T06:50:32.548-0500,118,1,2539
06:50:33.548,1775217033.548,2026-04-03T06:50:33.548-0500,118,1,2540
06:50:34.548,1775217034.548,2026-04-03T06:50:34.548-0500,118,1,2541
06:50:35.548,1775217035.548,2026-04-03T06:50:35.548-0500,117,1,2542
06:50:36.548,1775217036.548,2026-04-03T06:50:36.548-0500,117,1,2543
06:50:37.548,1775217037.548,2026-04-03T06:50:37.548-0500,116,1,2544
06:50:38.548,1775217038.548,2026-04-03T06:50:38.548-0500,115,1,2545
06:50:39.548,1775217039.548,2026-04-03T06:50:39.548-0500,114,1,2546
06:50:40.548,1775217040.548,2026-04-03T06:50:40.548-0500,113,1,2547
06:50:41.548,1775217041.548,2026-04-03T06:50:41.548-0500,112,1,2548
06:50:42.548,1775217042.548,2026-04-03T06:50:42.548-0500,112,1,2549
06:50:43.548,1775217043.548,2026-04-03T06:50:43.548-0500,111,1,2550
06:50:44.548,1775217044.548,2026-04-03T06:50:44.548-0500,110,1,2551
06:50:45.548,1775217045.548,2026-04-03T06:50:45.548-0500,110,1,2552
06:50:46.548,1775217046.548,2026-04-03T06:50:46.548-0500,109,1,2553
06:50:47.548,1775217047.548,2026-04-03T06:50:47.548-0500,108,1,2554
06:50:48.548,1775217048.548,2026-04-03T06:50:48.548-0500,108,1,2555
06:50:49.548,1775217049.548,2026-04-03T06:50:49.548-0500,107,1,2556
06:50:50.548,1775217050.548,2026-04-03T06:50:50.548-0500,106,1,2557
06:50:51.548,1775217051.548,2026-04-03T06:50:51.548-0500,106,1,2558
06:50:52.548,1775217052.548,2026-04-03T06:50:52.548-0500,106,1,2559
06:50:53.548,1775217053.548,2026-04-03T06:50:53.548-0500,106,1,2560
06:50:54.548,1775217054.548,2026-04-03T06:50:54.548-0500,106,1,2561
06:50:55.548,1775217055.548,2026-04-03T06:50:55.548-0500,107,1,2562
06:50:56.548,1775217056.548,2026-04-03T06:50:56.548-0500,107,1,2563
06:50:57.548,1775217057.548,2026-04-03T06:50:57.548-0500,107,1,2564
06:50:58.548,1775217058.548,2026-04-03T06:50:58.548-0500,107,1,2565
06:50:59.548,1775217059.548,2026-04-03T06:50:59.548-0500,107,1,2566
06:51:00.548,1775217060.548,2026-04-03T06:51:00.548-0500,107,1,2567
06:51:01.548,1775217061.548,2026-04-03T06:51:01.548-0500,107,1,2568
06:51:02.548,1775217062.548,2026-04-03T06:51:02.548-0500,106,1,2569
06:51:03.548,1775217063.548,2026-04-03T06:51:03.548-0500,106,1,2570
06:51:04.548,1775217064.548,2026-04-03T06:51:04.548-0500,106,1,2571
06:51:05.548,1775217065.548,2026-04-03T06:51:05.548-0500,106,1,2572
06:51:06.548,1775217066.548,2026-04-03T06:51:06.548-0500,106,1,2573
06:51:07.548,1775217067.548,2026-04-03T06:51:07.548-0500,106,1,2574
06:51:08.548,1775217068.548,2026-04-03T06:51:08.548-0500,106,1,2575
06:51:09.548,1775217069.548,2026-04-03T06:51:09.548-0500,106,1,2576
06:51:10.548,1775217070.548,2026-04-03T06:51:10.548-0500,107,1,2577
06:51:11.548,1775217071.548,2026-04-03T06:51:11.548-0500,107,1,2578
06:51:12.548,1775217072.548,2026-04-03T06:51:12.548-0500,108,1,2579
06:51:13.548,1775217073.548,2026-04-03T06:51:13.548-0500,108,1,2580
06:51:14.548,1775217074.548,2026-04-03T06:51:14.548-0500,109,1,2581
06:51:15.548,1775217075.548,2026-04-03T06:51:15.548-0500,109,1,2582
06:51:16.548,1775217076.548,2026-04-03T06:51:16.548-0500,108,1,2583
06:51:17.548,1775217077.548,2026-04-03T06:51:17.548-0500,108,1,2584
06:51:18.548,1775217078.548,2026-04-03T06:51:18.548-0500,108,1,2585
06:51:19.548,1775217079.548,2026-04-03T06:51:19.548-0500,107,1,2586
06:51:20.548,1775217080.548,2026-04-03T06:51:20.548-0500,107,1,2587
06:51:21.548,1775217081.548,2026-04-03T06:51:21.548-0500,106,1,2588
06:51:22.548,1775217082.548,2026-04-03T06:51:22.548-0500,106,1,2589
06:51:23.548,1775217083.548,2026-04-03T06:51:23.548-0500,105,1,2590
06:51:24.548,1775217084.548,2026-04-03T06:51:24.548-0500,105,1,2591
06:51:25.548,1775217085.548,2026-04-03T06:51:25.548-0500,104,1,2592
06:51:26.548,1775217086.548,2026-04-03T06:51:26.548-0500,104,1,2593
06:51:27.548,1775217087.548,2026-04-03T06:51:27.548-0500,104,1,2594
06:51:28.548,1775217088.548,2026-04-03T06:51:28.548-0500,104,1,2595
06:51:29.548,1775217089.548,2026-04-03T06:51:29.548-0500,104,1,2596
06:51:30.548,1775217090.548,2026-04-03T06:51:30.548-0500,104,1,2597
06:51:31.548,1775217091.548,2026-04-03T06:51:31.548-0500,105,1,2598
06:51:32.548,1775217092.548,2026-04-03T06:51:32.548-0500,107,1,2599
06:51:33.548,1775217093.548,2026-04-03T06:51:33.548-0500,108,1,2600
06:51:34.548,1775217094.548,2026-04-03T06:51:34.548-0500,110,1,2601
06:51:35.548,1775217095.548,2026-04-03T06:51:35.548-0500,111,1,2602
06:51:36.548,1775217096.548,2026-04-03T06:51:36.548-0500,112,1,2603
06:51:37.548,1775217097.548,2026-04-03T06:51:37.548-0500,112,1,2604
06:51:38.548,1775217098.548,2026-04-03T06:51:38.548-0500,113,1,2605
06:51:39.548,1775217099.548,2026-04-03T06:51:39.548-0500,113,1,2606
06:51:40.548,1775217100.548,2026-04-03T06:51:40.548-0500,114,1,2607
06:51:41.548,1775217101.548,2026-04-03T06:51:41.548-0500,114,1,2608
06:51:42.548,1775217102.548,2026-04-03T06:51:42.548-0500,115,1,2609
06:51:43.548,1775217103.548,2026-04-03T06:51:43.548-0500,115,1,2610
06:51:44.548,1775217104.548,2026-04-03T06:51:44.548-0500,116,1,2611
06:51:45.548,1775217105.548,2026-04-03T06:51:45.548-0500,117,1,2612
06:51:46.548,1775217106.548,2026-04-03T06:51:46.548-0500,118,1,2613
06:51:47.548,1775217107.548,2026-04-03T06:51:47.548-0500,118,1,2614
06:51:48.548,1775217108.548,2026-04-03T06:51:48.548-0500,119,1,2615
06:51:49.548,1775217109.548,2026-04-03T06:51:49.548-0500,119,1,2616
06:51:50.548,1775217110.548,2026-04-03T06:51:50.548-0500,119,1,2617
06:51:51.548,1775217111.548,2026-04-03T06:51:51.548-0500,120,1,2618
06:51:52.548,1775217112.548,2026-04-03T06:51:52.548-0500,120,1,2619
06:51:53.548,1775217113.548,2026-04-03T06:51:53.548-0500,120,1,2620
06:51:54.548,1775217114.548,2026-04-03T06:51:54.548-0500,119,1,2621
06:51:55.548,1775217115.548,2026-04-03T06:51:55.548-0500,119,1,2622
06:51:56.548,1775217116.548,2026-04-03T06:51:56.548-0500,119,1,2623
06:51:57.548,1775217117.548,2026-04-03T06:51:57.548-0500,119,1,2624
06:51:58.548,1775217118.548,2026-04-03T06:51:58.548-0500,118,1,2625
06:51:59.548,1775217119.548,2026-04-03T06:51:59.548-0500,118,1,2626
06:52:00.548,1775217120.548,2026-04-03T06:52:00.548-0500,118,1,2627
06:52:01.548,1775217121.548,2026-04-03T06:52:01.548-0500,117,1,2628
06:52:02.548,1775217122.548,2026-04-03T06:52:02.548-0500,117,1,2629
06:52:03.548,1775217123.548,2026-04-03T06:52:03.548-0500,117,1,2630
06:52:04.548,1775217124.548,2026-04-03T06:52:04.548-0500,117,1,2631
06:52:05.548,1775217125.548,2026-04-03T06:52:05.548-0500,117,1,2632
06:52:06.548,1775217126.548,2026-04-03T06:52:06.548-0500,117,1,2633
06:52:07.548,1775217127.548,2026-04-03T06:52:07.548-0500,117,1,2634
06:52:08.548,1775217128.548,2026-04-03T06:52:08.548-0500,117,1,2635
06:52:09.548,1775217129.548,2026-04-03T06:52:09.548-0500,117,1,2636
06:52:10.548,1775217130.548,2026-04-03T06:52:10.548-0500,117,1,2637
06:52:11.548,1775217131.548,2026-04-03T06:52:11.548-0500,117,1,2638
06:52:12.548,1775217132.548,2026-04-03T06:52:12.548-0500,117,1,2639
06:52:13.548,1775217133.548,2026-04-03T06:52:13.548-0500,117,1,2640
06:52:14.548,1775217134.548,2026-04-03T06:52:14.548-0500,117,1,2641
06:52:15.548,1775217135.548,2026-04-03T06:52:15.548-0500,117,1,2642
06:52:16.548,1775217136.548,2026-04-03T06:52:16.548-0500,117,1,2643
06:52:17.548,1775217137.548,2026-04-03T06:52:17.548-0500,117,1,2644
06:52:18.548,1775217138.548,2026-04-03T06:52:18.548-0500,117,1,2645
06:52:19.548,1775217139.548,2026-04-03T06:52:19.548-0500,117,1,2646
06:52:20.548,1775217140.548,2026-04-03T06:52:20.548-0500,117,1,2647
06:52:21.548,1775217141.548,2026-04-03T06:52:21.548-0500,117,1,2648
06:52:22.548,1775217142.548,2026-04-03T06:52:22.548-0500,117,1,2649
06:52:23.548,1775217143.548,2026-04-03T06:52:23.548-0500,117,1,2650
06:52:24.548,1775217144.548,2026-04-03T06:52:24.548-0500,117,1,2651
06:52:25.548,1775217145.548,2026-04-03T06:52:25.548-0500,117,1,2652
06:52:26.548,1775217146.548,2026-04-03T06:52:26.548-0500,118,1,2653
06:52:27.548,1775217147.548,2026-04-03T06:52:27.548-0500,118,1,2654
06:52:28.548,1775217148.548,2026-04-03T06:52:28.548-0500,118,1,2655
06:52:29.548,1775217149.548,2026-04-03T06:52:29.548-0500,118,1,2656
06:52:30.548,1775217150.548,2026-04-03T06:52:30.548-0500,119,1,2657
06:52:31.548,1775217151.548,2026-04-03T06:52:31.548-0500,119,1,2658
06:52:32.548,1775217152.548,2026-04-03T06:52:32.548-0500,120,1,2659
06:52:33.548,1775217153.548,2026-04-03T06:52:33.548-0500,120,1,2660
06:52:34.548,1775217154.548,2026-04-03T06:52:34.548-0500,121,1,2661
06:52:35.548,1775217155.548,2026-04-03T06:52:35.548-0500,121,1,2662
06:52:36.548,1775217156.548,2026-04-03T06:52:36.548-0500,121,1,2663
06:52:37.548,1775217157.548,2026-04-03T06:52:37.548-0500,121,1,2664
06:52:38.548,1775217158.548,2026-04-03T06:52:38.548-0500,121,1,2665
06:52:39.548,1775217159.548,2026-04-03T06:52:39.548-0500,121,1,2666
06:52:40.548,1775217160.548,2026-04-03T06:52:40.548-0500,121,1,2667
06:52:41.548,1775217161.548,2026-04-03T06:52:41.548-0500,121,1,2668
06:52:42.548,1775217162.548,2026-04-03T06:52:42.548-0500,121,1,2669
06:52:43.548,1775217163.548,2026-04-03T06:52:43.548-0500,121,1,2670
06:52:44.548,1775217164.548,2026-04-03T06:52:44.548-0500,121,1,2671
06:52:45.548,1775217165.548,2026-04-03T06:52:45.548-0500,121,1,2672
06:52:46.548,1775217166.548,2026-04-03T06:52:46.548-0500,121,1,2673
06:52:47.548,1775217167.548,2026-04-03T06:52:47.548-0500,120,1,2674
06:52:48.548,1775217168.548,2026-04-03T06:52:48.548-0500,120,1,2675
06:52:49.548,1775217169.548,2026-04-03T06:52:49.548-0500,119,1,2676
06:52:50.548,1775217170.548,2026-04-03T06:52:50.548-0500,118,1,2677
06:52:51.548,1775217171.548,2026-04-03T06:52:51.548-0500,118,1,2678
06:52:52.548,1775217172.548,2026-04-03T06:52:52.548-0500,117,1,2679
06:52:53.548,1775217173.548,2026-04-03T06:52:53.548-0500,117,1,2680
06:52:54.548,1775217174.548,2026-04-03T06:52:54.548-0500,116,1,2681
06:52:55.548,1775217175.548,2026-04-03T06:52:55.548-0500,116,1,2682
06:52:56.548,1775217176.548,2026-04-03T06:52:56.548-0500,116,1,2683
06:52:57.548,1775217177.548,2026-04-03T06:52:57.548-0500,115,1,2684
06:52:58.548,1775217178.548,2026-04-03T06:52:58.548-0500,115,1,2685
06:52:59.548,1775217179.548,2026-04-03T06:52:59.548-0500,115,1,2686
06:53:00.548,1775217180.548,2026-04-03T06:53:00.548-0500,114,1,2687
06:53:01.548,1775217181.548,2026-04-03T06:53:01.548-0500,114,1,2688
06:53:02.548,1775217182.548,2026-04-03T06:53:02.548-0500,114,1,2689
06:53:03.548,1775217183.548,2026-04-03T06:53:03.548-0500,113,1,2690
06:53:04.548,1775217184.548,2026-04-03T06:53:04.548-0500,113,1,2691
06:53:05.548,1775217185.548,2026-04-03T06:53:05.548-0500,113,1,2692
06:53:06.548,1775217186.548,2026-04-03T06:53:06.548-0500,113,1,2693
06:53:07.548,1775217187.548,2026-04-03T06:53:07.548-0500,113,1,2694
06:53:08.548,1775217188.548,2026-04-03T06:53:08.548-0500,113,1,2695
06:53:09.548,1775217189.548,2026-04-03T06:53:09.548-0500,113,1,2696
06:53:10.548,1775217190.548,2026-04-03T06:53:10.548-0500,113,1,2697
06:53:11.548,1775217191.548,2026-04-03T06:53:11.548-0500,112,1,2698
06:53:12.548,1775217192.548,2026-04-03T06:53:12.548-0500,112,1,2699
06:53:13.548,1775217193.548,2026-04-03T06:53:13.548-0500,112,1,2700
06:53:14.548,1775217194.548,2026-04-03T06:53:14.548-0500,111,1,2701
06:53:15.548,1775217195.548,2026-04-03T06:53:15.548-0500,111,1,2702
06:53:16.548,1775217196.548,2026-04-03T06:53:16.548-0500,110,1,2703
06:53:17.548,1775217197.548,2026-04-03T06:53:17.548-0500,110,1,2704
06:53:18.548,1775217198.548,2026-04-03T06:53:18.548-0500,109,1,2705
06:53:19.548,1775217199.548,2026-04-03T06:53:19.548-0500,108,1,2706
06:53:20.548,1775217200.548,2026-04-03T06:53:20.548-0500,107,1,2707
06:53:21.548,1775217201.548,2026-04-03T06:53:21.548-0500,107,1,2708
06:53:22.548,1775217202.548,2026-04-03T06:53:22.548-0500,107,1,2709
06:53:23.548,1775217203.548,2026-04-03T06:53:23.548-0500,107,1,2710
06:53:24.548,1775217204.548,2026-04-03T06:53:24.548-0500,107,1,2711
06:53:25.548,1775217205.548,2026-04-03T06:53:25.548-0500,106,1,2712
06:53:26.548,1775217206.548,2026-04-03T06:53:26.548-0500,106,1,2713
06:53:27.548,1775217207.548,2026-04-03T06:53:27.548-0500,106,1,2714
06:53:28.548,1775217208.548,2026-04-03T06:53:28.548-0500,106,1,2715
06:53:29.548,1775217209.548,2026-04-03T06:53:29.548-0500,106,1,2716
06:53:30.548,1775217210.548,2026-04-03T06:53:30.548-0500,106,1,2717
06:53:31.548,1775217211.548,2026-04-03T06:53:31.548-0500,106,1,2718
06:53:32.548,1775217212.548,2026-04-03T06:53:32.548-0500,106,1,2719
06:53:33.548,1775217213.548,2026-04-03T06:53:33.548-0500,106,1,2720
06:53:34.548,1775217214.548,2026-04-03T06:53:34.548-0500,106,1,2721
06:53:35.548,1775217215.548,2026-04-03T06:53:35.548-0500,106,1,2722
06:53:36.548,1775217216.548,2026-04-03T06:53:36.548-0500,107,1,2723
06:53:37.548,1775217217.548,2026-04-03T06:53:37.548-0500,107,1,2724
06:53:38.548,1775217218.548,2026-04-03T06:53:38.548-0500,107,1,2725
06:53:39.548,1775217219.548,2026-04-03T06:53:39.548-0500,108,1,2726
06:53:40.548,1775217220.548,2026-04-03T06:53:40.548-0500,108,1,2727
06:53:41.548,1775217221.548,2026-04-03T06:53:41.548-0500,108,1,2728
06:53:42.548,1775217222.548,2026-04-03T06:53:42.548-0500,108,1,2729
06:53:43.548,1775217223.548,2026-04-03T06:53:43.548-0500,108,1,2730
06:53:44.548,1775217224.548,2026-04-03T06:53:44.548-0500,108,1,2731
06:53:45.548,1775217225.548,2026-04-03T06:53:45.548-0500,108,1,2732
06:53:46.548,1775217226.548,2026-04-03T06:53:46.548-0500,108,1,2733
06:53:47.548,1775217227.548,2026-04-03T06:53:47.548-0500,108,1,2734
06:53:48.548,1775217228.548,2026-04-03T06:53:48.548-0500,108,1,2735
06:53:49.548,1775217229.548,2026-04-03T06:53:49.548-0500,108,1,2736
06:53:50.548,1775217230.548,2026-04-03T06:53:50.548-0500,108,1,2737
06:53:51.548,1775217231.548,2026-04-03T06:53:51.548-0500,108,1,2738
06:53:52.548,1775217232.548,2026-04-03T06:53:52.548-0500,108,1,2739
06:53:53.548,1775217233.548,2026-04-03T06:53:53.548-0500,109,1,2740
06:53:54.548,1775217234.548,2026-04-03T06:53:54.548-0500,109,1,2741
06:53:55.548,1775217235.548,2026-04-03T06:53:55.548-0500,109,1,2742
06:53:56.548,1775217236.548,2026-04-03T06:53:56.548-0500,109,1,2743
06:53:57.548,1775217237.548,2026-04-03T06:53:57.548-0500,109,1,2744
06:53:58.548,1775217238.548,2026-04-03T06:53:58.548-0500,109,1,2745
06:53:59.548,1775217239.548,2026-04-03T06:53:59.548-0500,108,1,2746
06:54:00.548,1775217240.548,2026-04-03T06:54:00.548-0500,108,1,2747
06:54:01.548,1775217241.548,2026-04-03T06:54:01.548-0500,108,1,2748
06:54:02.548,1775217242.548,2026-04-03T06:54:02.548-0500,108,1,2749
06:54:03.548,1775217243.548,2026-04-03T06:54:03.548-0500,108,1,2750
06:54:04.548,1775217244.548,2026-04-03T06:54:04.548-0500,107,1,2751
06:54:05.548,1775217245.548,2026-04-03T06:54:05.548-0500,107,1,2752
06:54:06.548,1775217246.548,2026-04-03T06:54:06.548-0500,107,1,2753
06:54:07.548,1775217247.548,2026-04-03T06:54:07.548-0500,107,1,2754
06:54:08.548,1775217248.548,2026-04-03T06:54:08.548-0500,106,1,2755
06:54:09.548,1775217249.548,2026-04-03T06:54:09.548-0500,106,1,2756
06:54:10.548,1775217250.548,2026-04-03T06:54:10.548-0500,105,1,2757
06:54:11.548,1775217251.548,2026-04-03T06:54:11.548-0500,105,1,2758
06:54:12.548,1775217252.548,2026-04-03T06:54:12.548-0500,104,1,2759
06:54:13.548,1775217253.548,2026-04-03T06:54:13.548-0500,104,1,2760
06:54:14.548,1775217254.548,2026-04-03T06:54:14.548-0500,104,1,2761
06:54:15.548,1775217255.548,2026-04-03T06:54:15.548-0500,104,1,2762
06:54:16.548,1775217256.548,2026-04-03T06:54:16.548-0500,104,1,2763
06:54:17.548,1775217257.548,2026-04-03T06:54:17.548-0500,104,1,2764
06:54:18.548,1775217258.548,2026-04-03T06:54:18.548-0500,104,1,2765
06:54:19.548,1775217259.548,2026-04-03T06:54:19.548-0500,104,1,2766
06:54:20.548,1775217260.548,2026-04-03T06:54:20.548-0500,104,1,2767
06:54:21.548,1775217261.548,2026-04-03T06:54:21.548-0500,104,1,2768
06:54:22.548,1775217262.548,2026-04-03T06:54:22.548-0500,104,1,2769
06:54:23.548,1775217263.548,2026-04-03T06:54:23.548-0500,104,1,2770
06:54:24.548,1775217264.548,2026-04-03T06:54:24.548-0500,104,1,2771
06:54:25.548,1775217265.548,2026-04-03T06:54:25.548-0500,103,1,2772
06:54:26.548,1775217266.548,2026-04-03T06:54:26.548-0500,103,1,2773
06:54:27.548,1775217267.548,2026-04-03T06:54:27.548-0500,103,1,2774
06:54:28.548,1775217268.548,2026-04-03T06:54:28.548-0500,103,1,2775
06:54:29.548,1775217269.548,2026-04-03T06:54:29.548-0500,103,1,2776
06:54:30.548,1775217270.548,2026-04-03T06:54:30.548-0500,103,1,2777
06:54:31.548,1775217271.548,2026-04-03T06:54:31.548-0500,103,1,2778
06:54:32.548,1775217272.548,2026-04-03T06:54:32.548-0500,103,1,2779
06:54:33.548,1775217273.548,2026-04-03T06:54:33.548-0500,103,1,2780
06:54:34.548,1775217274.548,2026-04-03T06:54:34.548-0500,103,1,2781
06:54:35.548,1775217275.548,2026-04-03T06:54:35.548-0500,103,1,2782
06:54:36.548,1775217276.548,2026-04-03T06:54:36.548-0500,103,1,2783
06:54:37.548,1775217277.548,2026-04-03T06:54:37.548-0500,103,1,2784
06:54:38.548,1775217278.548,2026-04-03T06:54:38.548-0500,103,1,2785
06:54:39.548,1775217279.548,2026-04-03T06:54:39.548-0500,103,1,2786
06:54:40.548,1775217280.548,2026-04-03T06:54:40.548-0500,103,1,2787
06:54:41.548,1775217281.548,2026-04-03T06:54:41.548-0500,103,1,2788
06:54:42.548,1775217282.548,2026-04-03T06:54:42.548-0500,103,1,2789
06:54:43.548,1775217283.548,2026-04-03T06:54:43.548-0500,103,1,2790
06:54:44.548,1775217284.548,2026-04-03T06:54:44.548-0500,103,1,2791
06:54:45.548,1775217285.548,2026-04-03T06:54:45.548-0500,103,1,2792
06:54:46.548,1775217286.548,2026-04-03T06:54:46.548-0500,104,1,2793
06:54:47.548,1775217287.548,2026-04-03T06:54:47.548-0500,104,1,2794
06:54:48.548,1775217288.548,2026-04-03T06:54:48.548-0500,105,1,2795
06:54:49.548,1775217289.548,2026-04-03T06:54:49.548-0500,105,1,2796
06:54:50.548,1775217290.548,2026-04-03T06:54:50.548-0500,105,1,2797
06:54:51.548,1775217291.548,2026-04-03T06:54:51.548-0500,105,1,2798
06:54:52.548,1775217292.548,2026-04-03T06:54:52.548-0500,105,1,2799
06:54:53.548,1775217293.548,2026-04-03T06:54:53.548-0500,106,1,2800
06:54:54.548,1775217294.548,2026-04-03T06:54:54.548-0500,106,1,2801
06:54:55.548,1775217295.548,2026-04-03T06:54:55.548-0500,106,1,2802
06:54:56.548,1775217296.548,2026-04-03T06:54:56.548-0500,105,1,2803
06:54:57.548,1775217297.548,2026-04-03T06:54:57.548-0500,105,1,2804
06:54:58.548,1775217298.548,2026-04-03T06:54:58.548-0500,104,1,2805
06:54:59.548,1775217299.548,2026-04-03T06:54:59.548-0500,103,1,2806
06:55:00.548,1775217300.548,2026-04-03T06:55:00.548-0500,102,1,2807
06:55:01.548,1775217301.548,2026-04-03T06:55:01.548-0500,102,1,2808
06:55:02.548,1775217302.548,2026-04-03T06:55:02.548-0500,101,1,2809
06:55:03.548,1775217303.548,2026-04-03T06:55:03.548-0500,100,1,2810
06:55:04.548,1775217304.548,2026-04-03T06:55:04.548-0500,101,1,2811
06:55:05.548,1775217305.548,2026-04-03T06:55:05.548-0500,102,1,2812
06:55:06.548,1775217306.548,2026-04-03T06:55:06.548-0500,102,1,2813
06:55:07.548,1775217307.548,2026-04-03T06:55:07.548-0500,102,1,2814
06:55:08.548,1775217308.548,2026-04-03T06:55:08.548-0500,101,1,2815
06:55:09.548,1775217309.548,2026-04-03T06:55:09.548-0500,101,1,2816
06:55:10.548,1775217310.548,2026-04-03T06:55:10.548-0500,101,1,2817
06:55:11.548,1775217311.548,2026-04-03T06:55:11.548-0500,101,1,2818
06:55:12.548,1775217312.548,2026-04-03T06:55:12.548-0500,101,1,2819
06:55:13.548,1775217313.548,2026-04-03T06:55:13.548-0500,101,1,2820
06:55:14.548,1775217314.548,2026-04-03T06:55:14.548-0500,101,1,2821
06:55:15.548,1775217315.548,2026-04-03T06:55:15.548-0500,101,1,2822
06:55:16.548,1775217316.548,2026-04-03T06:55:16.548-0500,101,1,2823
06:55:17.548,1775217317.548,2026-04-03T06:55:17.548-0500,101,1,2824
06:55:18.548,1775217318.548,2026-04-03T06:55:18.548-0500,101,1,2825
06:55:19.548,1775217319.548,2026-04-03T06:55:19.548-0500,101,1,2826
06:55:20.548,1775217320.548,2026-04-03T06:55:20.548-0500,100,1,2827
06:55:21.548,1775217321.548,2026-04-03T06:55:21.548-0500,100,1,2828
06:55:22.548,1775217322.548,2026-04-03T06:55:22.548-0500,101,1,2829
06:55:23.548,1775217323.548,2026-04-03T06:55:23.548-0500,101,1,2830
06:55:24.548,1775217324.548,2026-04-03T06:55:24.548-0500,101,1,2831
06:55:25.548,1775217325.548,2026-04-03T06:55:25.548-0500,101,1,2832
06:55:26.548,1775217326.548,2026-04-03T06:55:26.548-0500,102,1,2833
06:55:27.548,1775217327.548,2026-04-03T06:55:27.548-0500,102,1,2834
06:55:28.548,1775217328.548,2026-04-03T06:55:28.548-0500,102,1,2835
06:55:29.548,1775217329.548,2026-04-03T06:55:29.548-0500,102,1,2836
06:55:30.548,1775217330.548,2026-04-03T06:55:30.548-0500,102,1,2837
06:55:31.548,1775217331.548,2026-04-03T06:55:31.548-0500,102,1,2838
06:55:32.548,1775217332.548,2026-04-03T06:55:32.548-0500,101,1,2839
06:55:33.548,1775217333.548,2026-04-03T06:55:33.548-0500,101,1,2840
06:55:34.548,1775217334.548,2026-04-03T06:55:34.548-0500,101,1,2841
06:55:35.548,1775217335.548,2026-04-03T06:55:35.548-0500,101,1,2842
06:55:36.548,1775217336.548,2026-04-03T06:55:36.548-0500,101,1,2843
06:55:37.548,1775217337.548,2026-04-03T06:55:37.548-0500,101,1,2844
06:55:38.548,1775217338.548,2026-04-03T06:55:38.548-0500,102,1,2845
06:55:39.548,1775217339.548,2026-04-03T06:55:39.548-0500,102,1,2846
06:55:40.548,1775217340.548,2026-04-03T06:55:40.548-0500,102,1,2847
06:55:41.548,1775217341.548,2026-04-03T06:55:41.548-0500,102,1,2848
06:55:42.548,1775217342.548,2026-04-03T06:55:42.548-0500,103,1,2849
06:55:43.548,1775217343.548,2026-04-03T06:55:43.548-0500,103,1,2850
06:55:44.548,1775217344.548,2026-04-03T06:55:44.548-0500,103,1,2851
06:55:45.548,1775217345.548,2026-04-03T06:55:45.548-0500,103,1,2852
06:55:46.548,1775217346.548,2026-04-03T06:55:46.548-0500,104,1,2853
06:55:47.548,1775217347.548,2026-04-03T06:55:47.548-0500,104,1,2854
06:55:48.548,1775217348.548,2026-04-03T06:55:48.548-0500,104,1,2855
06:55:49.548,1775217349.548,2026-04-03T06:55:49.548-0500,104,1,2856
06:55:50.548,1775217350.548,2026-04-03T06:55:50.548-0500,104,1,2857
06:55:51.548,1775217351.548,2026-04-03T06:55:51.548-0500,104,1,2858
06:55:52.548,1775217352.548,2026-04-03T06:55:52.548-0500,104,1,2859
06:55:53.548,1775217353.548,2026-04-03T06:55:53.548-0500,104,1,2860
06:55:54.548,1775217354.548,2026-04-03T06:55:54.548-0500,103,1,2861
06:55:55.548,1775217355.548,2026-04-03T06:55:55.548-0500,103,1,2862
06:55:56.548,1775217356.548,2026-04-03T06:55:56.548-0500,103,1,2863
06:55:57.548,1775217357.548,2026-04-03T06:55:57.548-0500,103,1,2864
06:55:58.548,1775217358.548,2026-04-03T06:55:58.548-0500,102,1,2865
06:55:59.548,1775217359.548,2026-04-03T06:55:59.548-0500,102,1,2866
06:56:00.548,1775217360.548,2026-04-03T06:56:00.548-0500,102,1,2867
06:56:01.548,1775217361.548,2026-04-03T06:56:01.548-0500,102,1,2868
06:56:02.548,1775217362.548,2026-04-03T06:56:02.548-0500,103,1,2869
06:56:03.548,1775217363.548,2026-04-03T06:56:03.548-0500,103,1,2870
06:56:04.548,1775217364.548,2026-04-03T06:56:04.548-0500,103,1,2871
06:56:05.548,1775217365.548,2026-04-03T06:56:05.548-0500,103,1,2872
06:56:06.548,1775217366.548,2026-04-03T06:56:06.548-0500,103,1,2873
06:56:07.548,1775217367.548,2026-04-03T06:56:07.548-0500,102,1,2874
06:56:08.548,1775217368.548,2026-04-03T06:56:08.548-0500,102,1,2875
06:56:09.548,1775217369.548,2026-04-03T06:56:09.548-0500,102,1,2876
06:56:10.548,1775217370.548,2026-04-03T06:56:10.548-0500,102,1,2877
06:56:11.548,1775217371.548,2026-04-03T06:56:11.548-0500,102,1,2878
06:56:12.548,1775217372.548,2026-04-03T06:56:12.548-0500,102,1,2879
06:56:13.548,1775217373.548,2026-04-03T06:56:13.548-0500,102,1,2880
06:56:14.548,1775217374.548,2026-04-03T06:56:14.548-0500,102,1,2881
06:56:15.548,1775217375.548,2026-04-03T06:56:15.548-0500,103,1,2882
06:56:16.548,1775217376.548,2026-04-03T06:56:16.548-0500,103,1,2883
06:56:17.548,1775217377.548,2026-04-03T06:56:17.548-0500,103,1,2884
06:56:18.548,1775217378.548,2026-04-03T06:56:18.548-0500,104,1,2885
06:56:19.548,1775217379.548,2026-04-03T06:56:19.548-0500,104,1,2886
06:56:20.548,1775217380.548,2026-04-03T06:56:20.548-0500,104,1,2887
06:56:21.548,1775217381.548,2026-04-03T06:56:21.548-0500,104,1,2888
06:56:22.548,1775217382.548,2026-04-03T06:56:22.548-0500,104,1,2889
06:56:23.548,1775217383.548,2026-04-03T06:56:23.548-0500,104,1,2890
06:56:24.548,1775217384.548,2026-04-03T06:56:24.548-0500,104,1,2891
06:56:25.548,1775217385.548,2026-04-03T06:56:25.548-0500,104,1,2892
06:56:26.548,1775217386.548,2026-04-03T06:56:26.548-0500,104,1,2893
06:56:27.548,1775217387.548,2026-04-03T06:56:27.548-0500,104,1,2894
06:56:28.548,1775217388.548,2026-04-03T06:56:28.548-0500,103,1,2895
06:56:29.548,1775217389.548,2026-04-03T06:56:29.548-0500,103,1,2896
06:56:30.548,1775217390.548,2026-04-03T06:56:30.548-0500,103,1,2897
06:56:31.548,1775217391.548,2026-04-03T06:56:31.548-0500,103,1,2898
06:56:32.548,1775217392.548,2026-04-03T06:56:32.548-0500,102,1,2899
06:56:33.548,1775217393.548,2026-04-03T06:56:33.548-0500,102,1,2900
06:56:34.548,1775217394.548,2026-04-03T06:56:34.548-0500,101,1,2901
06:56:35.548,1775217395.548,2026-04-03T06:56:35.548-0500,101,1,2902
06:56:36.548,1775217396.548,2026-04-03T06:56:36.548-0500,101,1,2903
06:56:37.548,1775217397.548,2026-04-03T06:56:37.548-0500,101,1,2904
06:56:38.548,1775217398.548,2026-04-03T06:56:38.548-0500,101,1,2905
06:56:39.548,1775217399.548,2026-04-03T06:56:39.548-0500,101,1,2906
06:56:40.548,1775217400.548,2026-04-03T06:56:40.548-0500,101,1,2907
06:56:41.548,1775217401.548,2026-04-03T06:56:41.548-0500,101,1,2908
06:56:42.548,1775217402.548,2026-04-03T06:56:42.548-0500,101,1,2909
06:56:43.548,1775217403.548,2026-04-03T06:56:43.548-0500,101,1,2910
06:56:44.548,1775217404.548,2026-04-03T06:56:44.548-0500,101,1,2911
06:56:45.548,1775217405.548,2026-04-03T06:56:45.548-0500,101,1,2912
06:56:46.548,1775217406.548,2026-04-03T06:56:46.548-0500,101,1,2913
06:56:47.548,1775217407.548,2026-04-03T06:56:47.548-0500,101,1,2914
06:56:48.548,1775217408.548,2026-04-03T06:56:48.548-0500,102,1,2915
06:56:49.548,1775217409.548,2026-04-03T06:56:49.548-0500,102,1,2916
06:56:50.548,1775217410.548,2026-04-03T06:56:50.548-0500,102,1,2917
06:56:51.548,1775217411.548,2026-04-03T06:56:51.548-0500,102,1,2918
06:56:52.548,1775217412.548,2026-04-03T06:56:52.548-0500,102,1,2919
06:56:53.548,1775217413.548,2026-04-03T06:56:53.548-0500,103,1,2920
06:56:54.548,1775217414.548,2026-04-03T06:56:54.548-0500,103,1,2921
06:56:55.548,1775217415.548,2026-04-03T06:56:55.548-0500,103,1,2922
06:56:56.548,1775217416.548,2026-04-03T06:56:56.548-0500,103,1,2923
06:56:57.548,1775217417.548,2026-04-03T06:56:57.548-0500,103,1,2924
06:56:58.548,1775217418.548,2026-04-03T06:56:58.548-0500,104,1,2925
06:56:59.548,1775217419.548,2026-04-03T06:56:59.548-0500,104,1,2926
06:57:00.548,1775217420.548,2026-04-03T06:57:00.548-0500,104,1,2927
06:57:01.548,1775217421.548,2026-04-03T06:57:01.548-0500,104,1,2928
06:57:02.548,1775217422.548,2026-04-03T06:57:02.548-0500,104,1,2929
06:57:03.548,1775217423.548,2026-04-03T06:57:03.548-0500,105,1,2930
06:57:04.548,1775217424.548,2026-04-03T06:57:04.548-0500,105,1,2931
06:57:05.548,1775217425.548,2026-04-03T06:57:05.548-0500,105,1,2932
06:57:06.548,1775217426.548,2026-04-03T06:57:06.548-0500,105,1,2933
06:57:07.548,1775217427.548,2026-04-03T06:57:07.548-0500,105,1,2934
06:57:08.548,1775217428.548,2026-04-03T06:57:08.548-0500,106,1,2935
06:57:09.548,1775217429.548,2026-04-03T06:57:09.548-0500,106,1,2936
06:57:10.548,1775217430.548,2026-04-03T06:57:10.548-0500,106,1,2937
06:57:11.548,1775217431.548,2026-04-03T06:57:11.548-0500,106,1,2938
06:57:12.548,1775217432.548,2026-04-03T06:57:12.548-0500,107,1,2939
06:57:13.548,1775217433.548,2026-04-03T06:57:13.548-0500,107,1,2940
06:57:14.548,1775217434.548,2026-04-03T06:57:14.548-0500,107,1,2941
06:57:15.548,1775217435.548,2026-04-03T06:57:15.548-0500,107,1,2942
06:57:16.548,1775217436.548,2026-04-03T06:57:16.548-0500,107,1,2943
06:57:17.548,1775217437.548,2026-04-03T06:57:17.548-0500,107,1,2944
06:57:18.548,1775217438.548,2026-04-03T06:57:18.548-0500,106,1,2945
06:57:19.548,1775217439.548,2026-04-03T06:57:19.548-0500,106,1,2946
06:57:20.548,1775217440.548,2026-04-03T06:57:20.548-0500,106,1,2947
06:57:21.548,1775217441.548,2026-04-03T06:57:21.548-0500,107,1,2948
06:57:22.548,1775217442.548,2026-04-03T06:57:22.548-0500,107,1,2949
06:57:23.548,1775217443.548,2026-04-03T06:57:23.548-0500,108,1,2950
06:57:24.548,1775217444.548,2026-04-03T06:57:24.548-0500,108,1,2951
06:57:25.548,1775217445.548,2026-04-03T06:57:25.548-0500,109,1,2952
06:57:26.548,1775217446.548,2026-04-03T06:57:26.548-0500,109,1,2953
06:57:27.548,1775217447.548,2026-04-03T06:57:27.548-0500,110,1,2954
06:57:28.548,1775217448.548,2026-04-03T06:57:28.548-0500,110,1,2955
06:57:29.548,1775217449.548,2026-04-03T06:57:29.548-0500,111,1,2956
06:57:30.548,1775217450.548,2026-04-03T06:57:30.548-0500,110,1,2957
06:57:31.548,1775217451.548,2026-04-03T06:57:31.548-0500,108,1,2958
06:57:32.548,1775217452.548,2026-04-03T06:57:32.548-0500,107,1,2959
06:57:33.548,1775217453.548,2026-04-03T06:57:33.548-0500,105,1,2960
06:57:38.306,1775217458.306,2026-04-03T06:57:38.306-0500,,,
